country,continent,year,lifeExp,pop,gdpPercap
Afghanistan,Asia,1952,28.801,8425333.0,779.4453145
Afghanistan,Asia,1957,30.331999999999997,9240934.0,820.8530296
Afghanistan,Asia,1962,31.997,10267083.0,853.1007099999999
Afghanistan,Asia,1967,34.02,11537966.0,836.1971382
Afghanistan,Asia,1972,36.088,13079460.0,739.9811057999999
Afghanistan,Asia,1977,38.438,14880372.0,786.11336
Afghanistan,Asia,1982,39.854,12881816.0,978.0114388000001
Afghanistan,Asia,1987,40.821999999999996,13867957.0,852.3959447999999
Afghanistan,Asia,1992,41.674,16317921.0,649.3413952000001
Afghanistan,Asia,1997,41.763000000000005,22227415.0,635.341351
Afghanistan,Asia,2002,42.129,25268405.0,726.7340548
Afghanistan,Asia,2007,43.828,31889923.0,974.5803384
Albania,Europe,1952,55.23,1282697.0,1601.056136
Albania,Europe,1957,59.28,1476505.0,1942.2842440000002
Albania,Europe,1962,64.82,1728137.0,2312.888958
Albania,Europe,1967,66.22,1984060.0,2760.196931
Albania,Europe,1972,67.69,2263554.0,3313.422188
Albania,Europe,1977,68.93,2509048.0,3533.0039100000004
Albania,Europe,1982,70.42,2780097.0,3630.880722
Albania,Europe,1987,72.0,3075321.0,3738.9327350000003
Albania,Europe,1992,71.581,3326498.0,2497.4379010000002
Albania,Europe,1997,72.95,3428038.0,3193.054604
Albania,Europe,2002,75.65100000000001,3508512.0,4604.211737
Albania,Europe,2007,76.423,3600523.0,5937.029525999999
Algeria,Africa,1952,43.077,9279525.0,2449.008185
Algeria,Africa,1957,45.685,10270856.0,3013.976023
Algeria,Africa,1962,48.303000000000004,11000948.0,2550.81688
Algeria,Africa,1967,51.407,12760499.0,3246.991771
Algeria,Africa,1972,54.518,14760787.0,4182.663766
Algeria,Africa,1977,58.013999999999996,17152804.0,4910.4167560000005
Algeria,Africa,1982,61.368,20033753.0,5745.160213
Algeria,Africa,1987,65.79899999999999,23254956.0,5681.358539
Algeria,Africa,1992,67.744,26298373.0,5023.216647
Algeria,Africa,1997,69.152,29072015.0,4797.295051
Algeria,Africa,2002,70.994,31287142.0,5288.040382
Algeria,Africa,2007,72.301,33333216.0,6223.367465
Angola,Africa,1952,30.015,4232095.0,3520.610273
Angola,Africa,1957,31.999000000000002,4561361.0,3827.9404649999997
Angola,Africa,1962,34.0,4826015.0,4269.276742
Angola,Africa,1967,35.985,5247469.0,5522.776375
Angola,Africa,1972,37.928000000000004,5894858.0,5473.288004999999
Angola,Africa,1977,39.483000000000004,6162675.0,3008.647355
Angola,Africa,1982,39.942,7016384.0,2756.953672
Angola,Africa,1987,39.906,7874230.0,2430.208311
Angola,Africa,1992,40.647,8735988.0,2627.8456850000002
Angola,Africa,1997,40.963,9875024.0,2277.140884
Angola,Africa,2002,41.003,10866106.0,2773.287312
Angola,Africa,2007,42.731,12420476.0,4797.231267
Argentina,Americas,1952,62.485,17876956.0,5911.315053
Argentina,Americas,1957,64.399,19610538.0,6856.856212000001
Argentina,Americas,1962,65.142,21283783.0,7133.166023000001
Argentina,Americas,1967,65.634,22934225.0,8052.953020999999
Argentina,Americas,1972,67.065,24779799.0,9443.038526
Argentina,Americas,1977,68.48100000000001,26983828.0,10079.026740000001
Argentina,Americas,1982,69.942,29341374.0,8997.897412
Argentina,Americas,1987,70.774,31620918.0,9139.671389
Argentina,Americas,1992,71.868,33958947.0,9308.41871
Argentina,Americas,1997,73.275,36203463.0,10967.28195
Argentina,Americas,2002,74.34,38331121.0,8797.640716
Argentina,Americas,2007,75.32,40301927.0,12779.379640000001
Australia,Oceania,1952,69.12,8691212.0,10039.595640000001
Australia,Oceania,1957,70.33,9712569.0,10949.64959
Australia,Oceania,1962,70.93,10794968.0,12217.226859999999
Australia,Oceania,1967,71.1,11872264.0,14526.12465
Australia,Oceania,1972,71.93,13177000.0,16788.62948
Australia,Oceania,1977,73.49,14074100.0,18334.197509999998
Australia,Oceania,1982,74.74,15184200.0,19477.009280000002
Australia,Oceania,1987,76.32,16257249.0,21888.889030000002
Australia,Oceania,1992,77.56,17481977.0,23424.76683
Australia,Oceania,1997,78.83,18565243.0,26997.936569999998
Australia,Oceania,2002,80.37,19546792.0,30687.75473
Australia,Oceania,2007,81.235,20434176.0,34435.367439999995
Austria,Europe,1952,66.8,6927772.0,6137.076492
Austria,Europe,1957,67.48,6965860.0,8842.59803
Austria,Europe,1962,69.54,7129864.0,10750.721109999999
Austria,Europe,1967,70.14,7376998.0,12834.6024
Austria,Europe,1972,70.63,7544201.0,16661.6256
Austria,Europe,1977,72.17,7568430.0,19749.4223
Austria,Europe,1982,73.18,7574613.0,21597.083619999998
Austria,Europe,1987,74.94,7578903.0,23687.82607
Austria,Europe,1992,76.04,7914969.0,27042.01868
Austria,Europe,1997,77.51,8069876.0,29095.920660000003
Austria,Europe,2002,78.98,8148312.0,32417.607689999997
Austria,Europe,2007,79.829,8199783.0,36126.4927
Bahrain,Asia,1952,50.93899999999999,120447.0,9867.084765000001
Bahrain,Asia,1957,53.832,138655.0,11635.79945
Bahrain,Asia,1962,56.923,171863.0,12753.27514
Bahrain,Asia,1967,59.923,202182.0,14804.6727
Bahrain,Asia,1972,63.3,230800.0,18268.65839
Bahrain,Asia,1977,65.593,297410.0,19340.10196
Bahrain,Asia,1982,69.05199999999999,377967.0,19211.14731
Bahrain,Asia,1987,70.75,454612.0,18524.02406
Bahrain,Asia,1992,72.601,529491.0,19035.579169999997
Bahrain,Asia,1997,73.925,598561.0,20292.01679
Bahrain,Asia,2002,74.795,656397.0,23403.559269999998
Bahrain,Asia,2007,75.635,708573.0,29796.048339999998
Bangladesh,Asia,1952,37.484,46886859.0,684.2441716
Bangladesh,Asia,1957,39.348,51365468.0,661.6374577
Bangladesh,Asia,1962,41.216,56839289.0,686.3415537999999
Bangladesh,Asia,1967,43.453,62821884.0,721.1860862000001
Bangladesh,Asia,1972,45.251999999999995,70759295.0,630.2336265
Bangladesh,Asia,1977,46.923,80428306.0,659.8772322000001
Bangladesh,Asia,1982,50.00899999999999,93074406.0,676.9818656
Bangladesh,Asia,1987,52.818999999999996,103764241.0,751.9794035
Bangladesh,Asia,1992,56.018,113704579.0,837.8101642999999
Bangladesh,Asia,1997,59.412,123315288.0,972.7700352
Bangladesh,Asia,2002,62.013000000000005,135656790.0,1136.3904300000002
Bangladesh,Asia,2007,64.062,150448339.0,1391.253792
Belgium,Europe,1952,68.0,8730405.0,8343.105126999999
Belgium,Europe,1957,69.24,8989111.0,9714.960623
Belgium,Europe,1962,70.25,9218400.0,10991.20676
Belgium,Europe,1967,70.94,9556500.0,13149.04119
Belgium,Europe,1972,71.44,9709100.0,16672.14356
Belgium,Europe,1977,72.8,9821800.0,19117.97448
Belgium,Europe,1982,73.93,9856303.0,20979.84589
Belgium,Europe,1987,75.35,9870200.0,22525.56308
Belgium,Europe,1992,76.46,10045622.0,25575.57069
Belgium,Europe,1997,77.53,10199787.0,27561.196630000002
Belgium,Europe,2002,78.32,10311970.0,30485.88375
Belgium,Europe,2007,79.441,10392226.0,33692.60508
Benin,Africa,1952,38.223,1738315.0,1062.7522
Benin,Africa,1957,40.358000000000004,1925173.0,959.6010805
Benin,Africa,1962,42.618,2151895.0,949.4990641
Benin,Africa,1967,44.885,2427334.0,1035.831411
Benin,Africa,1972,47.013999999999996,2761407.0,1085.796879
Benin,Africa,1977,49.19,3168267.0,1029.161251
Benin,Africa,1982,50.903999999999996,3641603.0,1277.897616
Benin,Africa,1987,52.336999999999996,4243788.0,1225.85601
Benin,Africa,1992,53.919,4981671.0,1191.207681
Benin,Africa,1997,54.777,6066080.0,1232.975292
Benin,Africa,2002,54.406000000000006,7026113.0,1372.877931
Benin,Africa,2007,56.728,8078314.0,1441.284873
Bolivia,Americas,1952,40.414,2883315.0,2677.3263469999997
Bolivia,Americas,1957,41.89,3211738.0,2127.686326
Bolivia,Americas,1962,43.428000000000004,3593918.0,2180.972546
Bolivia,Americas,1967,45.032,4040665.0,2586.886053
Bolivia,Americas,1972,46.714,4565872.0,2980.331339
Bolivia,Americas,1977,50.023,5079716.0,3548.097832
Bolivia,Americas,1982,53.858999999999995,5642224.0,3156.510452
Bolivia,Americas,1987,57.251000000000005,6156369.0,2753.6914899999997
Bolivia,Americas,1992,59.957,6893451.0,2961.699694
Bolivia,Americas,1997,62.05,7693188.0,3326.143191
Bolivia,Americas,2002,63.883,8445134.0,3413.26269
Bolivia,Americas,2007,65.554,9119152.0,3822.1370840000004
Bosnia and Herzegovina,Europe,1952,53.82,2791000.0,973.5331947999999
Bosnia and Herzegovina,Europe,1957,58.45,3076000.0,1353.989176
Bosnia and Herzegovina,Europe,1962,61.93,3349000.0,1709.683679
Bosnia and Herzegovina,Europe,1967,64.79,3585000.0,2172.3524230000003
Bosnia and Herzegovina,Europe,1972,67.45,3819000.0,2860.16975
Bosnia and Herzegovina,Europe,1977,69.86,4086000.0,3528.481305
Bosnia and Herzegovina,Europe,1982,70.69,4172693.0,4126.613157
Bosnia and Herzegovina,Europe,1987,71.14,4338977.0,4314.114757
Bosnia and Herzegovina,Europe,1992,72.178,4256013.0,2546.781445
Bosnia and Herzegovina,Europe,1997,73.244,3607000.0,4766.355904
Bosnia and Herzegovina,Europe,2002,74.09,4165416.0,6018.975239
Bosnia and Herzegovina,Europe,2007,74.852,4552198.0,7446.298803
Botswana,Africa,1952,47.622,442308.0,851.2411407
Botswana,Africa,1957,49.618,474639.0,918.2325348999999
Botswana,Africa,1962,51.52,512764.0,983.6539764
Botswana,Africa,1967,53.298,553541.0,1214.709294
Botswana,Africa,1972,56.023999999999994,619351.0,2263.6111140000003
Botswana,Africa,1977,59.318999999999996,781472.0,3214.857818
Botswana,Africa,1982,61.483999999999995,970347.0,4551.14215
Botswana,Africa,1987,63.622,1151184.0,6205.88385
Botswana,Africa,1992,62.745,1342614.0,7954.111645
Botswana,Africa,1997,52.556000000000004,1536536.0,8647.142313
Botswana,Africa,2002,46.63399999999999,1630347.0,11003.60508
Botswana,Africa,2007,50.728,1639131.0,12569.851770000001
Brazil,Americas,1952,50.917,56602560.0,2108.944355
Brazil,Americas,1957,53.285,65551171.0,2487.365989
Brazil,Americas,1962,55.665,76039390.0,3336.585802
Brazil,Americas,1967,57.632,88049823.0,3429.864357
Brazil,Americas,1972,59.504,100840058.0,4985.711467
Brazil,Americas,1977,61.489,114313951.0,6660.118654
Brazil,Americas,1982,63.336000000000006,128962939.0,7030.835878
Brazil,Americas,1987,65.205,142938076.0,7807.095818000001
Brazil,Americas,1992,67.057,155975974.0,6950.283020999999
Brazil,Americas,1997,69.388,168546719.0,7957.980823999999
Brazil,Americas,2002,71.006,179914212.0,8131.212843000001
Brazil,Americas,2007,72.39,190010647.0,9065.800825
Bulgaria,Europe,1952,59.6,7274900.0,2444.2866480000002
Bulgaria,Europe,1957,66.61,7651254.0,3008.670727
Bulgaria,Europe,1962,69.51,8012946.0,4254.337839
Bulgaria,Europe,1967,70.42,8310226.0,5577.0028
Bulgaria,Europe,1972,70.9,8576200.0,6597.494398
Bulgaria,Europe,1977,70.81,8797022.0,7612.240438
Bulgaria,Europe,1982,71.08,8892098.0,8224.191647
Bulgaria,Europe,1987,71.34,8971958.0,8239.854824
Bulgaria,Europe,1992,71.19,8658506.0,6302.6234380000005
Bulgaria,Europe,1997,70.32,8066057.0,5970.38876
Bulgaria,Europe,2002,72.14,7661799.0,7696.777725
Bulgaria,Europe,2007,73.005,7322858.0,10680.79282
Burkina Faso,Africa,1952,31.975,4469979.0,543.2552413
Burkina Faso,Africa,1957,34.906,4713416.0,617.1834647999999
Burkina Faso,Africa,1962,37.814,4919632.0,722.5120206
Burkina Faso,Africa,1967,40.696999999999996,5127935.0,794.8265597
Burkina Faso,Africa,1972,43.591,5433886.0,854.7359763000001
Burkina Faso,Africa,1977,46.137,5889574.0,743.3870368
Burkina Faso,Africa,1982,48.122,6634596.0,807.1985855
Burkina Faso,Africa,1987,49.556999999999995,7586551.0,912.0631417000001
Burkina Faso,Africa,1992,50.26,8878303.0,931.7527731
Burkina Faso,Africa,1997,50.324,10352843.0,946.2949617999999
Burkina Faso,Africa,2002,50.65,12251209.0,1037.645221
Burkina Faso,Africa,2007,52.295,14326203.0,1217.032994
Burundi,Africa,1952,39.031,2445618.0,339.29645869999996
Burundi,Africa,1957,40.533,2667518.0,379.56462810000005
Burundi,Africa,1962,42.045,2961915.0,355.2032273
Burundi,Africa,1967,43.548,3330989.0,412.97751360000007
Burundi,Africa,1972,44.056999999999995,3529983.0,464.0995039
Burundi,Africa,1977,45.91,3834415.0,556.1032651
Burundi,Africa,1982,47.471000000000004,4580410.0,559.6032309999999
Burundi,Africa,1987,48.211000000000006,5126023.0,621.8188188999999
Burundi,Africa,1992,44.736000000000004,5809236.0,631.6998778
Burundi,Africa,1997,45.326,6121610.0,463.1151478
Burundi,Africa,2002,47.36,7021078.0,446.4035126
Burundi,Africa,2007,49.58,8390505.0,430.07069160000003
Cambodia,Asia,1952,39.417,4693836.0,368.46928560000003
Cambodia,Asia,1957,41.36600000000001,5322536.0,434.0383364
Cambodia,Asia,1962,43.415,6083619.0,496.9136476
Cambodia,Asia,1967,45.415,6960067.0,523.4323142
Cambodia,Asia,1972,40.317,7450606.0,421.6240257
Cambodia,Asia,1977,31.22,6978607.0,524.9721831999999
Cambodia,Asia,1982,50.957,7272485.0,624.4754784
Cambodia,Asia,1987,53.913999999999994,8371791.0,683.8955732000001
Cambodia,Asia,1992,55.803000000000004,10150094.0,682.3031755
Cambodia,Asia,1997,56.534,11782962.0,734.28517
Cambodia,Asia,2002,56.751999999999995,12926707.0,896.2260152999999
Cambodia,Asia,2007,59.723,14131858.0,1713.7786859999999
Cameroon,Africa,1952,38.523,5009067.0,1172.667655
Cameroon,Africa,1957,40.428000000000004,5359923.0,1313.048099
Cameroon,Africa,1962,42.643,5793633.0,1399.607441
Cameroon,Africa,1967,44.799,6335506.0,1508.453148
Cameroon,Africa,1972,47.049,7021028.0,1684.1465280000002
Cameroon,Africa,1977,49.355,7959865.0,1783.432873
Cameroon,Africa,1982,52.961000000000006,9250831.0,2367.983282
Cameroon,Africa,1987,54.985,10780667.0,2602.664206
Cameroon,Africa,1992,54.31399999999999,12467171.0,1793.1632780000002
Cameroon,Africa,1997,52.199,14195809.0,1694.337469
Cameroon,Africa,2002,49.856,15929988.0,1934.0114489999999
Cameroon,Africa,2007,50.43,17696293.0,2042.0952399999999
Canada,Americas,1952,68.75,14785584.0,11367.16112
Canada,Americas,1957,69.96,17010154.0,12489.95006
Canada,Americas,1962,71.3,18985849.0,13462.48555
Canada,Americas,1967,72.13,20819767.0,16076.58803
Canada,Americas,1972,72.88,22284500.0,18970.57086
Canada,Americas,1977,74.21,23796400.0,22090.88306
Canada,Americas,1982,75.76,25201900.0,22898.79214
Canada,Americas,1987,76.86,26549700.0,26626.515030000002
Canada,Americas,1992,77.95,28523502.0,26342.88426
Canada,Americas,1997,78.61,30305843.0,28954.92589
Canada,Americas,2002,79.77,31902268.0,33328.96507
Canada,Americas,2007,80.653,33390141.0,36319.235010000004
Central African Republic,Africa,1952,35.463,1291695.0,1071.310713
Central African Republic,Africa,1957,37.464,1392284.0,1190.844328
Central African Republic,Africa,1962,39.475,1523478.0,1193.068753
Central African Republic,Africa,1967,41.478,1733638.0,1136.056615
Central African Republic,Africa,1972,43.457,1927260.0,1070.013275
Central African Republic,Africa,1977,46.775,2167533.0,1109.374338
Central African Republic,Africa,1982,48.295,2476971.0,956.7529906999999
Central African Republic,Africa,1987,50.485,2840009.0,844.8763504000001
Central African Republic,Africa,1992,49.396,3265124.0,747.9055252
Central African Republic,Africa,1997,46.066,3696513.0,740.5063317
Central African Republic,Africa,2002,43.308,4048013.0,738.6906068
Central African Republic,Africa,2007,44.74100000000001,4369038.0,706.016537
Chad,Africa,1952,38.092,2682462.0,1178.665927
Chad,Africa,1957,39.881,2894855.0,1308.495577
Chad,Africa,1962,41.716,3150417.0,1389.817618
Chad,Africa,1967,43.601000000000006,3495967.0,1196.810565
Chad,Africa,1972,45.568999999999996,3899068.0,1104.103987
Chad,Africa,1977,47.383,4388260.0,1133.98495
Chad,Africa,1982,49.516999999999996,4875118.0,797.9081006
Chad,Africa,1987,51.051,5498955.0,952.3861289999999
Chad,Africa,1992,51.724,6429417.0,1058.0643
Chad,Africa,1997,51.573,7562011.0,1004.9613529999999
Chad,Africa,2002,50.525,8835739.0,1156.18186
Chad,Africa,2007,50.651,10238807.0,1704.0637239999999
Chile,Americas,1952,54.745,6377619.0,3939.9787890000002
Chile,Americas,1957,56.074,7048426.0,4315.6227229999995
Chile,Americas,1962,57.924,7961258.0,4519.094331
Chile,Americas,1967,60.523,8858908.0,5106.654313
Chile,Americas,1972,63.441,9717524.0,5494.024437
Chile,Americas,1977,67.05199999999999,10599793.0,4756.763836
Chile,Americas,1982,70.565,11487112.0,5095.665738000001
Chile,Americas,1987,72.492,12463354.0,5547.063754
Chile,Americas,1992,74.126,13572994.0,7596.125964
Chile,Americas,1997,75.816,14599929.0,10118.053179999999
Chile,Americas,2002,77.86,15497046.0,10778.78385
Chile,Americas,2007,78.553,16284741.0,13171.63885
China,Asia,1952,44.0,556263527.9999889,400.448610699994
China,Asia,1957,50.54896,637408000.0,575.9870009
China,Asia,1962,44.50136,665770000.0,487.6740183
China,Asia,1967,58.381119999999996,754550000.0,612.7056934
China,Asia,1972,63.118880000000004,862030000.0,676.9000921
China,Asia,1977,63.96736,943455000.0,741.2374699
China,Asia,1982,65.525,1000281000.0,962.4213804999999
China,Asia,1987,67.274,1084035000.0,1378.904018
China,Asia,1992,68.69,1164970000.0,1655.784158
China,Asia,1997,70.426,1230075000.0,2289.234136
China,Asia,2002,72.028,1280400000.0,3119.280896
China,Asia,2007,72.961,1318683096.0,4959.1148539999995
Colombia,Americas,1952,50.643,12350771.0,2144.115096
Colombia,Americas,1957,55.118,14485993.0,2323.805581
Colombia,Americas,1962,57.863,17009885.0,2492.351109
Colombia,Americas,1967,59.963,19764027.0,2678.729839
Colombia,Americas,1972,61.623000000000005,22542890.0,3264.660041
Colombia,Americas,1977,63.836999999999996,25094412.0,3815.80787
Colombia,Americas,1982,66.653,27764644.0,4397.575659
Colombia,Americas,1987,67.768,30964245.0,4903.2191
Colombia,Americas,1992,68.421,34202721.0,5444.648617
Colombia,Americas,1997,70.313,37657830.0,6117.3617460000005
Colombia,Americas,2002,71.682,41008227.0,5755.259962
Colombia,Americas,2007,72.889,44227550.0,7006.580419
Comoros,Africa,1952,40.715,153936.0,1102.990936
Comoros,Africa,1957,42.46,170928.0,1211.1485480000001
Comoros,Africa,1962,44.467,191689.0,1406.648278
Comoros,Africa,1967,46.472,217378.0,1876.029643
Comoros,Africa,1972,48.943999999999996,250027.0,1937.577675
Comoros,Africa,1977,50.93899999999999,304739.0,1172.603047
Comoros,Africa,1982,52.933,348643.0,1267.100083
Comoros,Africa,1987,54.926,395114.0,1315.980812
Comoros,Africa,1992,57.93899999999999,454429.0,1246.90737
Comoros,Africa,1997,60.66,527982.0,1173.618235
Comoros,Africa,2002,62.974,614382.0,1075.811558
Comoros,Africa,2007,65.152,710960.0,986.1478792000001
"Congo, Dem. Rep.",Africa,1952,39.143,14100005.0,780.5423257
"Congo, Dem. Rep.",Africa,1957,40.652,15577932.0,905.8602302999999
"Congo, Dem. Rep.",Africa,1962,42.122,17486434.0,896.3146335000001
"Congo, Dem. Rep.",Africa,1967,44.056000000000004,19941073.0,861.5932424
"Congo, Dem. Rep.",Africa,1972,45.989,23007669.0,904.8960685000001
"Congo, Dem. Rep.",Africa,1977,47.803999999999995,26480870.0,795.757282
"Congo, Dem. Rep.",Africa,1982,47.784,30646495.0,673.7478181
"Congo, Dem. Rep.",Africa,1987,47.412,35481645.0,672.774812
"Congo, Dem. Rep.",Africa,1992,45.548,41672143.0,457.7191807
"Congo, Dem. Rep.",Africa,1997,42.586999999999996,47798986.0,312.188423
"Congo, Dem. Rep.",Africa,2002,44.966,55379852.0,241.16587650000002
"Congo, Dem. Rep.",Africa,2007,46.461999999999996,64606759.0,277.55185869999997
"Congo, Rep.",Africa,1952,42.111000000000004,854885.0,2125.621418
"Congo, Rep.",Africa,1957,45.053000000000004,940458.0,2315.056572
"Congo, Rep.",Africa,1962,48.435,1047924.0,2464.783157
"Congo, Rep.",Africa,1967,52.04,1179760.0,2677.9396420000003
"Congo, Rep.",Africa,1972,54.907,1340458.0,3213.152683
"Congo, Rep.",Africa,1977,55.625,1536769.0,3259.178978
"Congo, Rep.",Africa,1982,56.695,1774735.0,4879.507522
"Congo, Rep.",Africa,1987,57.47,2064095.0,4201.194936999999
"Congo, Rep.",Africa,1992,56.433,2409073.0,4016.239529
"Congo, Rep.",Africa,1997,52.961999999999996,2800947.0,3484.1643759999997
"Congo, Rep.",Africa,2002,52.97,3328795.0,3484.06197
"Congo, Rep.",Africa,2007,55.321999999999996,3800610.0,3632.557798
Costa Rica,Americas,1952,57.206,926317.0,2627.0094710000003
Costa Rica,Americas,1957,60.026,1112300.0,2990.010802
Costa Rica,Americas,1962,62.842,1345187.0,3460.937025
Costa Rica,Americas,1967,65.42399999999999,1588717.0,4161.727834
Costa Rica,Americas,1972,67.84899999999999,1834796.0,5118.146939
Costa Rica,Americas,1977,70.75,2108457.0,5926.876967
Costa Rica,Americas,1982,73.45,2424367.0,5262.734751
Costa Rica,Americas,1987,74.752,2799811.0,5629.915318
Costa Rica,Americas,1992,75.71300000000001,3173216.0,6160.416317
Costa Rica,Americas,1997,77.26,3518107.0,6677.045314
Costa Rica,Americas,2002,78.123,3834934.0,7723.447195000001
Costa Rica,Americas,2007,78.782,4133884.0,9645.06142
Cote d'Ivoire,Africa,1952,40.477,2977019.0,1388.594732
Cote d'Ivoire,Africa,1957,42.468999999999994,3300000.0,1500.895925
Cote d'Ivoire,Africa,1962,44.93,3832408.0,1728.8694280000002
Cote d'Ivoire,Africa,1967,47.35,4744870.0,2052.0504730000002
Cote d'Ivoire,Africa,1972,49.801,6071696.0,2378.201111
Cote d'Ivoire,Africa,1977,52.373999999999995,7459574.0,2517.736547
Cote d'Ivoire,Africa,1982,53.983000000000004,9025951.0,2602.710169
Cote d'Ivoire,Africa,1987,54.655,10761098.0,2156.9560690000003
Cote d'Ivoire,Africa,1992,52.044,12772596.0,1648.073791
Cote d'Ivoire,Africa,1997,47.99100000000001,14625967.0,1786.265407
Cote d'Ivoire,Africa,2002,46.832,16252726.0,1648.800823
Cote d'Ivoire,Africa,2007,48.328,18013409.0,1544.750112
Croatia,Europe,1952,61.21,3882229.0,3119.23652
Croatia,Europe,1957,64.77,3991242.0,4338.231617
Croatia,Europe,1962,67.13,4076557.0,5477.890018
Croatia,Europe,1967,68.5,4174366.0,6960.297861
Croatia,Europe,1972,69.61,4225310.0,9164.090127
Croatia,Europe,1977,70.64,4318673.0,11305.38517
Croatia,Europe,1982,70.46,4413368.0,13221.82184
Croatia,Europe,1987,71.52,4484310.0,13822.58394
Croatia,Europe,1992,72.527,4494013.0,8447.794873
Croatia,Europe,1997,73.68,4444595.0,9875.604515
Croatia,Europe,2002,74.876,4481020.0,11628.38895
Croatia,Europe,2007,75.748,4493312.0,14619.222719999998
Cuba,Americas,1952,59.42100000000001,6007797.0,5586.53878
Cuba,Americas,1957,62.325,6640752.0,6092.174359000001
Cuba,Americas,1962,65.24600000000001,7254373.0,5180.75591
Cuba,Americas,1967,68.29,8139332.0,5690.268015
Cuba,Americas,1972,70.723,8831348.0,5305.445256
Cuba,Americas,1977,72.649,9537988.0,6380.494965999999
Cuba,Americas,1982,73.717,9789224.0,7316.9181069999995
Cuba,Americas,1987,74.17399999999999,10239839.0,7532.924762999999
Cuba,Americas,1992,74.414,10723260.0,5592.843963
Cuba,Americas,1997,76.15100000000001,10983007.0,5431.990415
Cuba,Americas,2002,77.158,11226999.0,6340.646683
Cuba,Americas,2007,78.273,11416987.0,8948.102923
Czech Republic,Europe,1952,66.87,9125183.0,6876.14025
Czech Republic,Europe,1957,69.03,9513758.0,8256.343918
Czech Republic,Europe,1962,69.9,9620282.0,10136.86713
Czech Republic,Europe,1967,70.38,9835109.0,11399.44489
Czech Republic,Europe,1972,70.29,9862158.0,13108.4536
Czech Republic,Europe,1977,70.71,10161915.0,14800.160619999999
Czech Republic,Europe,1982,70.96,10303704.0,15377.22855
Czech Republic,Europe,1987,71.58,10311597.0,16310.4434
Czech Republic,Europe,1992,72.4,10315702.0,14297.021219999999
Czech Republic,Europe,1997,74.01,10300707.0,16048.51424
Czech Republic,Europe,2002,75.51,10256295.0,17596.210219999997
Czech Republic,Europe,2007,76.486,10228744.0,22833.30851
Denmark,Europe,1952,70.78,4334000.0,9692.385245
Denmark,Europe,1957,71.81,4487831.0,11099.65935
Denmark,Europe,1962,72.35,4646899.0,13583.31351
Denmark,Europe,1967,72.96,4838800.0,15937.21123
Denmark,Europe,1972,73.47,4991596.0,18866.20721
Denmark,Europe,1977,74.69,5088419.0,20422.9015
Denmark,Europe,1982,74.63,5117810.0,21688.04048
Denmark,Europe,1987,74.8,5127024.0,25116.17581
Denmark,Europe,1992,75.33,5171393.0,26406.73985
Denmark,Europe,1997,76.11,5283663.0,29804.34567
Denmark,Europe,2002,77.18,5374693.0,32166.500060000002
Denmark,Europe,2007,78.332,5468120.0,35278.41874
Djibouti,Africa,1952,34.812,63149.0,2669.529475
Djibouti,Africa,1957,37.328,71851.0,2864.9690760000003
Djibouti,Africa,1962,39.693000000000005,89898.0,3020.989263
Djibouti,Africa,1967,42.074,127617.0,3020.0505129999997
Djibouti,Africa,1972,44.36600000000001,178848.0,3694.2123520000005
Djibouti,Africa,1977,46.519,228694.0,3081.7610219999997
Djibouti,Africa,1982,48.812,305991.0,2879.4680670000002
Djibouti,Africa,1987,50.04,311025.0,2880.102568
Djibouti,Africa,1992,51.604,384156.0,2377.1561920000004
Djibouti,Africa,1997,53.157,417908.0,1895.016984
Djibouti,Africa,2002,53.373000000000005,447416.0,1908.2608670000002
Djibouti,Africa,2007,54.791000000000004,496374.0,2082.4815670000003
Dominican Republic,Americas,1952,45.928000000000004,2491346.0,1397.7171369999999
Dominican Republic,Americas,1957,49.828,2923186.0,1544.402995
Dominican Republic,Americas,1962,53.458999999999996,3453434.0,1662.137359
Dominican Republic,Americas,1967,56.751000000000005,4049146.0,1653.7230029999998
Dominican Republic,Americas,1972,59.631,4671329.0,2189.874499
Dominican Republic,Americas,1977,61.788000000000004,5302800.0,2681.9889
Dominican Republic,Americas,1982,63.727,5968349.0,2861.092386
Dominican Republic,Americas,1987,66.046,6655297.0,2899.842175
Dominican Republic,Americas,1992,68.457,7351181.0,3044.214214
Dominican Republic,Americas,1997,69.957,7992357.0,3614.101285
Dominican Republic,Americas,2002,70.847,8650322.0,4563.808154
Dominican Republic,Americas,2007,72.235,9319622.0,6025.374752000001
Ecuador,Americas,1952,48.357,3548753.0,3522.110717
Ecuador,Americas,1957,51.356,4058385.0,3780.5466509999997
Ecuador,Americas,1962,54.64,4681707.0,4086.114078
Ecuador,Americas,1967,56.678000000000004,5432424.0,4579.074215
Ecuador,Americas,1972,58.79600000000001,6298651.0,5280.99471
Ecuador,Americas,1977,61.31,7278866.0,6679.62326
Ecuador,Americas,1982,64.342,8365850.0,7213.7912670000005
Ecuador,Americas,1987,67.23100000000001,9545158.0,6481.776993
Ecuador,Americas,1992,69.613,10748394.0,7103.702595000001
Ecuador,Americas,1997,72.312,11911819.0,7429.455876999999
Ecuador,Americas,2002,74.173,12921234.0,5773.0445119999995
Ecuador,Americas,2007,74.994,13755680.0,6873.262326000001
Egypt,Africa,1952,41.893,22223309.0,1418.822445
Egypt,Africa,1957,44.443999999999996,25009741.0,1458.915272
Egypt,Africa,1962,46.992,28173309.0,1693.335853
Egypt,Africa,1967,49.293,31681188.0,1814.880728
Egypt,Africa,1972,51.137,34807417.0,2024.0081469999998
Egypt,Africa,1977,53.318999999999996,38783863.0,2785.493582
Egypt,Africa,1982,56.006,45681811.0,3503.729636
Egypt,Africa,1987,59.797,52799062.0,3885.4607100000003
Egypt,Africa,1992,63.674,59402198.0,3794.755195
Egypt,Africa,1997,67.217,66134291.0,4173.181797
Egypt,Africa,2002,69.806,73312559.0,4754.604414
Egypt,Africa,2007,71.33800000000001,80264543.0,5581.180998
El Salvador,Americas,1952,45.262,2042865.0,3048.3029
El Salvador,Americas,1957,48.57,2355805.0,3421.523218
El Salvador,Americas,1962,52.306999999999995,2747687.0,3776.8036270000002
El Salvador,Americas,1967,55.855,3232927.0,4358.595393
El Salvador,Americas,1972,58.207,3790903.0,4520.246008
El Salvador,Americas,1977,56.696000000000005,4282586.0,5138.922374
El Salvador,Americas,1982,56.604,4474873.0,4098.344175
El Salvador,Americas,1987,63.153999999999996,4842194.0,4140.442097
El Salvador,Americas,1992,66.798,5274649.0,4444.2317
El Salvador,Americas,1997,69.535,5783439.0,5154.825496
El Salvador,Americas,2002,70.734,6353681.0,5351.568665999999
El Salvador,Americas,2007,71.878,6939688.0,5728.353514
Equatorial Guinea,Africa,1952,34.482,216964.0,375.6431231
Equatorial Guinea,Africa,1957,35.983000000000004,232922.0,426.0964081
Equatorial Guinea,Africa,1962,37.485,249220.0,582.8419713999999
Equatorial Guinea,Africa,1967,38.986999999999995,259864.0,915.5960025
Equatorial Guinea,Africa,1972,40.516,277603.0,672.4122571
Equatorial Guinea,Africa,1977,42.023999999999994,192675.0,958.5668124
Equatorial Guinea,Africa,1982,43.662,285483.0,927.8253427000001
Equatorial Guinea,Africa,1987,45.663999999999994,341244.0,966.8968149
Equatorial Guinea,Africa,1992,47.545,387838.0,1132.055034
Equatorial Guinea,Africa,1997,48.245,439971.0,2814.480755
Equatorial Guinea,Africa,2002,49.348,495627.0,7703.4959
Equatorial Guinea,Africa,2007,51.57899999999999,551201.0,12154.08975
Eritrea,Africa,1952,35.928000000000004,1438760.0,328.94055710000004
Eritrea,Africa,1957,38.047,1542611.0,344.16188589999996
Eritrea,Africa,1962,40.158,1666618.0,380.99584330000005
Eritrea,Africa,1967,42.18899999999999,1820319.0,468.7949699
Eritrea,Africa,1972,44.141999999999996,2260187.0,514.3242081999999
Eritrea,Africa,1977,44.535,2512642.0,505.7538077
Eritrea,Africa,1982,43.89,2637297.0,524.8758493
Eritrea,Africa,1987,46.453,2915959.0,521.1341333
Eritrea,Africa,1992,49.99100000000001,3668440.0,582.8585102000001
Eritrea,Africa,1997,53.378,4058319.0,913.4707900000001
Eritrea,Africa,2002,55.24,4414865.0,765.3500015
Eritrea,Africa,2007,58.04,4906585.0,641.3695236000001
Ethiopia,Africa,1952,34.078,20860941.0,362.1462796
Ethiopia,Africa,1957,36.667,22815614.0,378.90416319999997
Ethiopia,Africa,1962,40.059,25145372.0,419.4564161
Ethiopia,Africa,1967,42.115,27860297.0,516.1186438
Ethiopia,Africa,1972,43.515,30770372.0,566.2439442000001
Ethiopia,Africa,1977,44.51,34617799.0,556.8083834
Ethiopia,Africa,1982,44.916000000000004,38111756.0,577.8607471
Ethiopia,Africa,1987,46.684,42999530.0,573.7413142000001
Ethiopia,Africa,1992,48.091,52088559.0,421.3534653
Ethiopia,Africa,1997,49.402,59861301.0,515.8894013
Ethiopia,Africa,2002,50.725,67946797.0,530.0535319
Ethiopia,Africa,2007,52.946999999999996,76511887.0,690.8055759
Finland,Europe,1952,66.55,4090500.0,6424.519071
Finland,Europe,1957,67.49,4324000.0,7545.415386
Finland,Europe,1962,68.75,4491443.0,9371.842561
Finland,Europe,1967,69.83,4605744.0,10921.63626
Finland,Europe,1972,70.87,4639657.0,14358.8759
Finland,Europe,1977,72.52,4738902.0,15605.422830000001
Finland,Europe,1982,74.55,4826933.0,18533.15761
Finland,Europe,1987,74.83,4931729.0,21141.01223
Finland,Europe,1992,75.7,5041039.0,20647.16499
Finland,Europe,1997,77.13,5134406.0,23723.9502
Finland,Europe,2002,78.37,5193039.0,28204.59057
Finland,Europe,2007,79.313,5238460.0,33207.0844
France,Europe,1952,67.41,42459667.0,7029.809327
France,Europe,1957,68.93,44310863.0,8662.834898000001
France,Europe,1962,70.51,47124000.0,10560.48553
France,Europe,1967,71.55,49569000.0,12999.91766
France,Europe,1972,72.38,51732000.0,16107.19171
France,Europe,1977,73.83,53165019.0,18292.635140000002
France,Europe,1982,74.89,54433565.0,20293.89746
France,Europe,1987,76.34,55630100.0,22066.44214
France,Europe,1992,77.46,57374179.0,24703.79615
France,Europe,1997,78.64,58623428.0,25889.78487
France,Europe,2002,79.59,59925035.0,28926.032339999998
France,Europe,2007,80.657,61083916.0,30470.0167
Gabon,Africa,1952,37.003,420702.0,4293.476475
Gabon,Africa,1957,38.999,434904.0,4976.198099
Gabon,Africa,1962,40.489000000000004,455661.0,6631.4592219999995
Gabon,Africa,1967,44.598,489004.0,8358.761987
Gabon,Africa,1972,48.69,537977.0,11401.948409999999
Gabon,Africa,1977,52.79,706367.0,21745.57328
Gabon,Africa,1982,56.56399999999999,753874.0,15113.36194
Gabon,Africa,1987,60.19,880397.0,11864.408440000001
Gabon,Africa,1992,61.36600000000001,985739.0,13522.157519999999
Gabon,Africa,1997,60.461000000000006,1126189.0,14722.841880000002
Gabon,Africa,2002,56.761,1299304.0,12521.71392
Gabon,Africa,2007,56.735,1454867.0,13206.48452
Gambia,Africa,1952,30.0,284320.0,485.2306591
Gambia,Africa,1957,32.065,323150.0,520.9267111
Gambia,Africa,1962,33.896,374020.0,599.650276
Gambia,Africa,1967,35.857,439593.0,734.7829124
Gambia,Africa,1972,38.308,517101.0,756.0868363
Gambia,Africa,1977,41.842,608274.0,884.7552507000001
Gambia,Africa,1982,45.58,715523.0,835.8096107999999
Gambia,Africa,1987,49.265,848406.0,611.6588611000001
Gambia,Africa,1992,52.644,1025384.0,665.6244126
Gambia,Africa,1997,55.861000000000004,1235767.0,653.7301704
Gambia,Africa,2002,58.041000000000004,1457766.0,660.5855997
Gambia,Africa,2007,59.448,1688359.0,752.7497265
Germany,Europe,1952,67.5,69145952.0,7144.114393000001
Germany,Europe,1957,69.1,71019069.0,10187.82665
Germany,Europe,1962,70.3,73739117.0,12902.46291
Germany,Europe,1967,70.8,76368453.0,14745.62561
Germany,Europe,1972,71.0,78717088.0,18016.180269999997
Germany,Europe,1977,72.5,78160773.0,20512.92123
Germany,Europe,1982,73.8,78335266.0,22031.532740000002
Germany,Europe,1987,74.847,77718298.0,24639.18566
Germany,Europe,1992,76.07,80597764.0,26505.30317
Germany,Europe,1997,77.34,82011073.0,27788.88416
Germany,Europe,2002,78.67,82350671.0,30035.80198
Germany,Europe,2007,79.406,82400996.0,32170.37442
Ghana,Africa,1952,43.148999999999994,5581001.0,911.2989371
Ghana,Africa,1957,44.778999999999996,6391288.0,1043.5615369999998
Ghana,Africa,1962,46.452,7355248.0,1190.0411179999999
Ghana,Africa,1967,48.071999999999996,8490213.0,1125.69716
Ghana,Africa,1972,49.875,9354120.0,1178.223708
Ghana,Africa,1977,51.756,10538093.0,993.2239571
Ghana,Africa,1982,53.744,11400338.0,876.032569
Ghana,Africa,1987,55.729,14168101.0,847.0061135
Ghana,Africa,1992,57.501000000000005,16278738.0,925.0601539999999
Ghana,Africa,1997,58.556000000000004,18418288.0,1005.2458119999999
Ghana,Africa,2002,58.453,20550751.0,1111.9845779999998
Ghana,Africa,2007,60.022,22873338.0,1327.60891
Greece,Europe,1952,65.86,7733250.0,3530.690067
Greece,Europe,1957,67.86,8096218.0,4916.299889
Greece,Europe,1962,69.51,8448233.0,6017.190732999999
Greece,Europe,1967,71.0,8716441.0,8513.097016
Greece,Europe,1972,72.34,8888628.0,12724.82957
Greece,Europe,1977,73.68,9308479.0,14195.524280000001
Greece,Europe,1982,75.24,9786480.0,15268.420890000001
Greece,Europe,1987,76.67,9974490.0,16120.528390000001
Greece,Europe,1992,77.03,10325429.0,17541.49634
Greece,Europe,1997,77.869,10502372.0,18747.69814
Greece,Europe,2002,78.256,10603863.0,22514.2548
Greece,Europe,2007,79.483,10706290.0,27538.41188
Guatemala,Americas,1952,42.023,3146381.0,2428.2377690000003
Guatemala,Americas,1957,44.141999999999996,3640876.0,2617.155967
Guatemala,Americas,1962,46.95399999999999,4208858.0,2750.364446
Guatemala,Americas,1967,50.016000000000005,4690773.0,3242.5311469999997
Guatemala,Americas,1972,53.738,5149581.0,4031.4082710000002
Guatemala,Americas,1977,56.028999999999996,5703430.0,4879.992748
Guatemala,Americas,1982,58.137,6395630.0,4820.49479
Guatemala,Americas,1987,60.782,7326406.0,4246.485974
Guatemala,Americas,1992,63.373000000000005,8486949.0,4439.4508399999995
Guatemala,Americas,1997,66.322,9803875.0,4684.313807
Guatemala,Americas,2002,68.97800000000001,11178650.0,4858.347495
Guatemala,Americas,2007,70.259,12572928.0,5186.050003
Guinea,Africa,1952,33.609,2664249.0,510.19649230000005
Guinea,Africa,1957,34.558,2876726.0,576.2670245
Guinea,Africa,1962,35.753,3140003.0,686.3736739
Guinea,Africa,1967,37.196999999999996,3451418.0,708.7595409
Guinea,Africa,1972,38.842,3811387.0,741.6662307
Guinea,Africa,1977,40.762,4227026.0,874.6858642999999
Guinea,Africa,1982,42.891000000000005,4710497.0,857.2503577
Guinea,Africa,1987,45.552,5650262.0,805.5724717999999
Guinea,Africa,1992,48.576,6990574.0,794.3484384
Guinea,Africa,1997,51.455,8048834.0,869.4497667999999
Guinea,Africa,2002,53.676,8807818.0,945.5835837000001
Guinea,Africa,2007,56.007,9947814.0,942.6542111
Guinea-Bissau,Africa,1952,32.5,580653.0,299.850319
Guinea-Bissau,Africa,1957,33.489000000000004,601095.0,431.7904566000001
Guinea-Bissau,Africa,1962,34.488,627820.0,522.0343725
Guinea-Bissau,Africa,1967,35.492,601287.0,715.5806402000001
Guinea-Bissau,Africa,1972,36.486,625361.0,820.2245876000001
Guinea-Bissau,Africa,1977,37.465,745228.0,764.7259627999999
Guinea-Bissau,Africa,1982,39.327,825987.0,838.1239671
Guinea-Bissau,Africa,1987,41.245,927524.0,736.4153921
Guinea-Bissau,Africa,1992,43.266000000000005,1050938.0,745.5398706
Guinea-Bissau,Africa,1997,44.873000000000005,1193708.0,796.6644681
Guinea-Bissau,Africa,2002,45.504,1332459.0,575.7047176
Guinea-Bissau,Africa,2007,46.388000000000005,1472041.0,579.2317429999999
Haiti,Americas,1952,37.579,3201488.0,1840.366939
Haiti,Americas,1957,40.696,3507701.0,1726.887882
Haiti,Americas,1962,43.59,3880130.0,1796.589032
Haiti,Americas,1967,46.243,4318137.0,1452.057666
Haiti,Americas,1972,48.042,4698301.0,1654.456946
Haiti,Americas,1977,49.923,4908554.0,1874.2989309999998
Haiti,Americas,1982,51.461000000000006,5198399.0,2011.1595489999997
Haiti,Americas,1987,53.636,5756203.0,1823.015995
Haiti,Americas,1992,55.089,6326682.0,1456.309517
Haiti,Americas,1997,56.67100000000001,6913545.0,1341.7269310000001
Haiti,Americas,2002,58.137,7607651.0,1270.364932
Haiti,Americas,2007,60.916000000000004,8502814.0,1201.637154
Honduras,Americas,1952,41.912,1517453.0,2194.926204
Honduras,Americas,1957,44.665,1770390.0,2220.487682
Honduras,Americas,1962,48.041000000000004,2090162.0,2291.1568350000002
Honduras,Americas,1967,50.924,2500689.0,2538.269358
Honduras,Americas,1972,53.88399999999999,2965146.0,2529.842345
Honduras,Americas,1977,57.402,3055235.0,3203.208066
Honduras,Americas,1982,60.909,3669448.0,3121.7607940000003
Honduras,Americas,1987,64.492,4372203.0,3023.0966989999997
Honduras,Americas,1992,66.399,5077347.0,3081.694603
Honduras,Americas,1997,67.65899999999999,5867957.0,3160.454906
Honduras,Americas,2002,68.565,6677328.0,3099.72866
Honduras,Americas,2007,70.19800000000001,7483763.0,3548.3308460000003
"Hong Kong, China",Asia,1952,60.96,2125900.0,3054.421209
"Hong Kong, China",Asia,1957,64.75,2736300.0,3629.076457
"Hong Kong, China",Asia,1962,67.65,3305200.0,4692.648271999999
"Hong Kong, China",Asia,1967,70.0,3722800.0,6197.962814
"Hong Kong, China",Asia,1972,72.0,4115700.0,8315.928145
"Hong Kong, China",Asia,1977,73.6,4583700.0,11186.14125
"Hong Kong, China",Asia,1982,75.45,5264500.0,14560.530509999999
"Hong Kong, China",Asia,1987,76.2,5584510.0,20038.472690000002
"Hong Kong, China",Asia,1992,77.601,5829696.0,24757.60301
"Hong Kong, China",Asia,1997,80.0,6495918.0,28377.632189999997
"Hong Kong, China",Asia,2002,81.495,6762476.0,30209.015160000003
"Hong Kong, China",Asia,2007,82.208,6980412.0,39724.97867
Hungary,Europe,1952,64.03,9504000.0,5263.6738159999995
Hungary,Europe,1957,66.41,9839000.0,6040.180011
Hungary,Europe,1962,67.96,10063000.0,7550.359877
Hungary,Europe,1967,69.5,10223422.0,9326.64467
Hungary,Europe,1972,69.76,10394091.0,10168.65611
Hungary,Europe,1977,69.95,10637171.0,11674.837370000001
Hungary,Europe,1982,69.39,10705535.0,12545.99066
Hungary,Europe,1987,69.58,10612740.0,12986.47998
Hungary,Europe,1992,69.17,10348684.0,10535.62855
Hungary,Europe,1997,71.04,10244684.0,11712.7768
Hungary,Europe,2002,72.59,10083313.0,14843.93556
Hungary,Europe,2007,73.33800000000001,9956108.0,18008.94444
Iceland,Europe,1952,72.49,147962.0,7267.688428
Iceland,Europe,1957,73.47,165110.0,9244.001412
Iceland,Europe,1962,73.68,182053.0,10350.15906
Iceland,Europe,1967,73.73,198676.0,13319.89568
Iceland,Europe,1972,74.46,209275.0,15798.063619999999
Iceland,Europe,1977,76.11,221823.0,19654.96247
Iceland,Europe,1982,76.99,233997.0,23269.6075
Iceland,Europe,1987,77.23,244676.0,26923.206280000002
Iceland,Europe,1992,78.77,259012.0,25144.39201
Iceland,Europe,1997,78.95,271192.0,28061.099660000003
Iceland,Europe,2002,80.5,288030.0,31163.201960000002
Iceland,Europe,2007,81.757,301931.0,36180.789189999996
India,Asia,1952,37.373000000000005,372000000.0,546.5657493
India,Asia,1957,40.249,409000000.0,590.061996
India,Asia,1962,43.605,454000000.0,658.3471509
India,Asia,1967,47.193000000000005,506000000.0,700.7706107000001
India,Asia,1972,50.651,567000000.0,724.032527
India,Asia,1977,54.208,634000000.0,813.3373230000001
India,Asia,1982,56.596000000000004,708000000.0,855.7235377000001
India,Asia,1987,58.553000000000004,788000000.0,976.5126756000001
India,Asia,1992,60.223,872000000.0,1164.406809
India,Asia,1997,61.765,959000000.0,1458.817442
India,Asia,2002,62.879,1034172547.0,1746.769454
India,Asia,2007,64.69800000000001,1110396331.0,2452.210407
Indonesia,Asia,1952,37.468,82052000.0,749.6816546
Indonesia,Asia,1957,39.918,90124000.0,858.9002707000001
Indonesia,Asia,1962,42.518,99028000.0,849.2897700999999
Indonesia,Asia,1967,45.964,109343000.0,762.4317721
Indonesia,Asia,1972,49.203,121282000.0,1111.107907
Indonesia,Asia,1977,52.702,136725000.0,1382.702056
Indonesia,Asia,1982,56.159,153343000.0,1516.872988
Indonesia,Asia,1987,60.137,169276000.0,1748.356961
Indonesia,Asia,1992,62.681000000000004,184816000.0,2383.140898
Indonesia,Asia,1997,66.041,199278000.0,3119.335603
Indonesia,Asia,2002,68.58800000000001,211060000.0,2873.91287
Indonesia,Asia,2007,70.65,223547000.0,3540.6515640000002
Iran,Asia,1952,44.869,17272000.0,3035.326002
Iran,Asia,1957,47.181000000000004,19792000.0,3290.257643
Iran,Asia,1962,49.325,22874000.0,4187.329802
Iran,Asia,1967,52.468999999999994,26538000.0,5906.731804999999
Iran,Asia,1972,55.233999999999995,30614000.0,9613.818607
Iran,Asia,1977,57.702,35480679.0,11888.59508
Iran,Asia,1982,59.62,43072751.0,7608.334602
Iran,Asia,1987,63.04,51889696.0,6642.881371
Iran,Asia,1992,65.742,60397973.0,7235.653187999999
Iran,Asia,1997,68.042,63327987.0,8263.590301
Iran,Asia,2002,69.45100000000001,66907826.0,9240.761975
Iran,Asia,2007,70.964,69453570.0,11605.71449
Iraq,Asia,1952,45.32,5441766.0,4129.766056
Iraq,Asia,1957,48.437,6248643.0,6229.333562
Iraq,Asia,1962,51.457,7240260.0,8341.737815
Iraq,Asia,1967,54.458999999999996,8519282.0,8931.459811
Iraq,Asia,1972,56.95,10061506.0,9576.037596
Iraq,Asia,1977,60.413000000000004,11882916.0,14688.235069999999
Iraq,Asia,1982,62.038000000000004,14173318.0,14517.90711
Iraq,Asia,1987,65.044,16543189.0,11643.57268
Iraq,Asia,1992,59.461000000000006,17861905.0,3745.6406869999996
Iraq,Asia,1997,58.81100000000001,20775703.0,3076.239795
Iraq,Asia,2002,57.04600000000001,24001816.0,4390.717312
Iraq,Asia,2007,59.545,27499638.0,4471.061906
Ireland,Europe,1952,66.91,2952156.0,5210.280328
Ireland,Europe,1957,68.9,2878220.0,5599.077872
Ireland,Europe,1962,70.29,2830000.0,6631.597314
Ireland,Europe,1967,71.08,2900100.0,7655.568963
Ireland,Europe,1972,71.28,3024400.0,9530.772895999999
Ireland,Europe,1977,72.03,3271900.0,11150.98113
Ireland,Europe,1982,73.1,3480000.0,12618.321409999999
Ireland,Europe,1987,74.36,3539900.0,13872.86652
Ireland,Europe,1992,75.467,3557761.0,17558.81555
Ireland,Europe,1997,76.122,3667233.0,24521.94713
Ireland,Europe,2002,77.783,3879155.0,34077.04939
Ireland,Europe,2007,78.885,4109086.0,40675.99635
Israel,Asia,1952,65.39,1620914.0,4086.522128
Israel,Asia,1957,67.84,1944401.0,5385.278451
Israel,Asia,1962,69.39,2310904.0,7105.630706
Israel,Asia,1967,70.75,2693585.0,8393.741404
Israel,Asia,1972,71.63,3095893.0,12786.93223
Israel,Asia,1977,73.06,3495918.0,13306.619209999999
Israel,Asia,1982,74.45,3858421.0,15367.0292
Israel,Asia,1987,75.6,4203148.0,17122.47986
Israel,Asia,1992,76.93,4936550.0,18051.52254
Israel,Asia,1997,78.26899999999999,5531387.0,20896.60924
Israel,Asia,2002,79.696,6029529.0,21905.59514
Israel,Asia,2007,80.745,6426679.0,25523.2771
Italy,Europe,1952,65.94,47666000.0,4931.404154999999
Italy,Europe,1957,67.81,49182000.0,6248.656232
Italy,Europe,1962,69.24,50843200.0,8243.58234
Italy,Europe,1967,71.06,52667100.0,10022.40131
Italy,Europe,1972,72.19,54365564.0,12269.27378
Italy,Europe,1977,73.48,56059245.0,14255.98475
Italy,Europe,1982,74.98,56535636.0,16537.4835
Italy,Europe,1987,76.42,56729703.0,19207.234819999998
Italy,Europe,1992,77.44,56840847.0,22013.64486
Italy,Europe,1997,78.82,57479469.0,24675.02446
Italy,Europe,2002,80.24,57926999.0,27968.098169999997
Italy,Europe,2007,80.546,58147733.0,28569.7197
Jamaica,Americas,1952,58.53,1426095.0,2898.5308809999997
Jamaica,Americas,1957,62.61,1535090.0,4756.525781
Jamaica,Americas,1962,65.61,1665128.0,5246.107524
Jamaica,Americas,1967,67.51,1861096.0,6124.703450999999
Jamaica,Americas,1972,69.0,1997616.0,7433.889293000001
Jamaica,Americas,1977,70.11,2156814.0,6650.195573
Jamaica,Americas,1982,71.21,2298309.0,6068.05135
Jamaica,Americas,1987,71.77,2326606.0,6351.237495
Jamaica,Americas,1992,71.766,2378618.0,7404.923685
Jamaica,Americas,1997,72.262,2531311.0,7121.924704000001
Jamaica,Americas,2002,72.047,2664659.0,6994.774861
Jamaica,Americas,2007,72.567,2780132.0,7320.880262000001
Japan,Asia,1952,63.03,86459025.0,3216.956347
Japan,Asia,1957,65.5,91563009.0,4317.694365
Japan,Asia,1962,68.73,95831757.0,6576.649461
Japan,Asia,1967,71.43,100825279.0,9847.788606999999
Japan,Asia,1972,73.42,107188273.0,14778.78636
Japan,Asia,1977,75.38,113872473.0,16610.37701
Japan,Asia,1982,77.11,118454974.0,19384.10571
Japan,Asia,1987,78.67,122091325.0,22375.941890000002
Japan,Asia,1992,79.36,124329269.0,26824.895109999998
Japan,Asia,1997,80.69,125956499.0,28816.58499
Japan,Asia,2002,82.0,127065841.0,28604.5919
Japan,Asia,2007,82.603,127467972.0,31656.06806
Jordan,Asia,1952,43.158,607914.0,1546.907807
Jordan,Asia,1957,45.669,746559.0,1886.080591
Jordan,Asia,1962,48.126000000000005,933559.0,2348.009158
Jordan,Asia,1967,51.629,1255058.0,2741.796252
Jordan,Asia,1972,56.528,1613551.0,2110.856309
Jordan,Asia,1977,61.13399999999999,1937652.0,2852.351568
Jordan,Asia,1982,63.739,2347031.0,4161.415959
Jordan,Asia,1987,65.869,2820042.0,4448.679912
Jordan,Asia,1992,68.015,3867409.0,3431.5936469999997
Jordan,Asia,1997,69.77199999999999,4526235.0,3645.379572
Jordan,Asia,2002,71.263,5307470.0,3844.9171939999997
Jordan,Asia,2007,72.535,6053193.0,4519.461171
Kenya,Africa,1952,42.27,6464046.0,853.5409189999999
Kenya,Africa,1957,44.68600000000001,7454779.0,944.4383152
Kenya,Africa,1962,47.949,8678557.0,896.9663732
Kenya,Africa,1967,50.653999999999996,10191512.0,1056.736457
Kenya,Africa,1972,53.559,12044785.0,1222.359968
Kenya,Africa,1977,56.155,14500404.0,1267.613204
Kenya,Africa,1982,58.766000000000005,17661452.0,1348.225791
Kenya,Africa,1987,59.339,21198082.0,1361.936856
Kenya,Africa,1992,59.285,25020539.0,1341.9217210000002
Kenya,Africa,1997,54.407,28263827.0,1360.4850210000002
Kenya,Africa,2002,50.992,31386842.0,1287.514732
Kenya,Africa,2007,54.11,35610177.0,1463.249282
"Korea, Dem. Rep.",Asia,1952,50.056000000000004,8865488.0,1088.277758
"Korea, Dem. Rep.",Asia,1957,54.081,9411381.0,1571.134655
"Korea, Dem. Rep.",Asia,1962,56.656000000000006,10917494.0,1621.693598
"Korea, Dem. Rep.",Asia,1967,59.942,12617009.0,2143.540609
"Korea, Dem. Rep.",Asia,1972,63.983000000000004,14781241.0,3701.6215030000003
"Korea, Dem. Rep.",Asia,1977,67.15899999999999,16325320.0,4106.301249
"Korea, Dem. Rep.",Asia,1982,69.1,17647518.0,4106.525293
"Korea, Dem. Rep.",Asia,1987,70.64699999999999,19067554.0,4106.4923149999995
"Korea, Dem. Rep.",Asia,1992,69.97800000000001,20711375.0,3726.063507
"Korea, Dem. Rep.",Asia,1997,67.727,21585105.0,1690.756814
"Korea, Dem. Rep.",Asia,2002,66.66199999999999,22215365.0,1646.758151
"Korea, Dem. Rep.",Asia,2007,67.297,23301725.0,1593.06548
"Korea, Rep.",Asia,1952,47.453,20947571.0,1030.592226
"Korea, Rep.",Asia,1957,52.681000000000004,22611552.0,1487.593537
"Korea, Rep.",Asia,1962,55.292,26420307.0,1536.3443869999999
"Korea, Rep.",Asia,1967,57.716,30131000.0,2029.2281420000002
"Korea, Rep.",Asia,1972,62.611999999999995,33505000.0,3030.87665
"Korea, Rep.",Asia,1977,64.766,36436000.0,4657.22102
"Korea, Rep.",Asia,1982,67.123,39326000.0,5622.942464
"Korea, Rep.",Asia,1987,69.81,41622000.0,8533.088805
"Korea, Rep.",Asia,1992,72.244,43805450.0,12104.27872
"Korea, Rep.",Asia,1997,74.64699999999999,46173816.0,15993.52796
"Korea, Rep.",Asia,2002,77.045,47969150.0,19233.98818
"Korea, Rep.",Asia,2007,78.623,49044790.0,23348.139730000003
Kuwait,Asia,1952,55.565,160000.0,108382.3529
Kuwait,Asia,1957,58.033,212846.0,113523.1329
Kuwait,Asia,1962,60.47,358266.0,95458.11176
Kuwait,Asia,1967,64.624,575003.0,80894.88326
Kuwait,Asia,1972,67.712,841934.0,109347.867
Kuwait,Asia,1977,69.343,1140357.0,59265.477139999995
Kuwait,Asia,1982,71.309,1497494.0,31354.03573
Kuwait,Asia,1987,74.17399999999999,1891487.0,28118.42998
Kuwait,Asia,1992,75.19,1418095.0,34932.91959
Kuwait,Asia,1997,76.156,1765345.0,40300.61996
Kuwait,Asia,2002,76.904,2111561.0,35110.10566
Kuwait,Asia,2007,77.58800000000001,2505559.0,47306.98978
Lebanon,Asia,1952,55.928000000000004,1439529.0,4834.804067
Lebanon,Asia,1957,59.489,1647412.0,6089.786934000001
Lebanon,Asia,1962,62.093999999999994,1886848.0,5714.560611
Lebanon,Asia,1967,63.87,2186894.0,6006.983042
Lebanon,Asia,1972,65.421,2680018.0,7486.384341
Lebanon,Asia,1977,66.09899999999999,3115787.0,8659.696836
Lebanon,Asia,1982,66.983,3086876.0,7640.519520999999
Lebanon,Asia,1987,67.926,3089353.0,5377.091329
Lebanon,Asia,1992,69.292,3219994.0,6890.806854
Lebanon,Asia,1997,70.265,3430388.0,8754.96385
Lebanon,Asia,2002,71.028,3677780.0,9313.93883
Lebanon,Asia,2007,71.993,3921278.0,10461.05868
Lesotho,Africa,1952,42.138000000000005,748747.0,298.8462121
Lesotho,Africa,1957,45.047,813338.0,335.99711510000003
Lesotho,Africa,1962,47.747,893143.0,411.80062660000004
Lesotho,Africa,1967,48.492,996380.0,498.63902649999994
Lesotho,Africa,1972,49.766999999999996,1116779.0,496.58159220000005
Lesotho,Africa,1977,52.208,1251524.0,745.3695408
Lesotho,Africa,1982,55.078,1411807.0,797.2631074
Lesotho,Africa,1987,57.18,1599200.0,773.9932140999999
Lesotho,Africa,1992,59.685,1803195.0,977.4862724999999
Lesotho,Africa,1997,55.558,1982823.0,1186.147994
Lesotho,Africa,2002,44.593,2046772.0,1275.184575
Lesotho,Africa,2007,42.592,2012649.0,1569.331442
Liberia,Africa,1952,38.48,863308.0,575.5729961000001
Liberia,Africa,1957,39.486,975950.0,620.9699901
Liberia,Africa,1962,40.501999999999995,1112796.0,634.1951625
Liberia,Africa,1967,41.536,1279406.0,713.6036482999999
Liberia,Africa,1972,42.614,1482628.0,803.0054535
Liberia,Africa,1977,43.763999999999996,1703617.0,640.3224382999999
Liberia,Africa,1982,44.852,1956875.0,572.1995694
Liberia,Africa,1987,46.027,2269414.0,506.1138573
Liberia,Africa,1992,40.802,1912974.0,636.6229191000001
Liberia,Africa,1997,42.221000000000004,2200725.0,609.1739508
Liberia,Africa,2002,43.753,2814651.0,531.4823679
Liberia,Africa,2007,45.678000000000004,3193942.0,414.5073415
Libya,Africa,1952,42.723,1019729.0,2387.54806
Libya,Africa,1957,45.288999999999994,1201578.0,3448.284395
Libya,Africa,1962,47.808,1441863.0,6757.0308159999995
Libya,Africa,1967,50.227,1759224.0,18772.75169
Libya,Africa,1972,52.773,2183877.0,21011.497209999998
Libya,Africa,1977,57.442,2721783.0,21951.21176
Libya,Africa,1982,62.155,3344074.0,17364.275380000003
Libya,Africa,1987,66.234,3799845.0,11770.5898
Libya,Africa,1992,68.755,4364501.0,9640.138501000001
Libya,Africa,1997,71.555,4759670.0,9467.446056
Libya,Africa,2002,72.737,5368585.0,9534.677467
Libya,Africa,2007,73.952,6036914.0,12057.49928
Madagascar,Africa,1952,36.681,4762912.0,1443.011715
Madagascar,Africa,1957,38.865,5181679.0,1589.20275
Madagascar,Africa,1962,40.848,5703324.0,1643.38711
Madagascar,Africa,1967,42.881,6334556.0,1634.047282
Madagascar,Africa,1972,44.851000000000006,7082430.0,1748.562982
Madagascar,Africa,1977,46.881,8007166.0,1544.228586
Madagascar,Africa,1982,48.968999999999994,9171477.0,1302.878658
Madagascar,Africa,1987,49.35,10568642.0,1155.4419480000001
Madagascar,Africa,1992,52.214,12210395.0,1040.6761900000001
Madagascar,Africa,1997,54.978,14165114.0,986.2958956
Madagascar,Africa,2002,57.286,16473477.0,894.6370822
Madagascar,Africa,2007,59.443000000000005,19167654.0,1044.770126
Malawi,Africa,1952,36.256,2917802.0,369.1650802
Malawi,Africa,1957,37.207,3221238.0,416.36980639999996
Malawi,Africa,1962,38.41,3628608.0,427.90108560000004
Malawi,Africa,1967,39.486999999999995,4147252.0,495.5147806
Malawi,Africa,1972,41.766000000000005,4730997.0,584.6219709
Malawi,Africa,1977,43.766999999999996,5637246.0,663.2236766
Malawi,Africa,1982,45.641999999999996,6502825.0,632.8039209
Malawi,Africa,1987,47.457,7824747.0,635.5173633999999
Malawi,Africa,1992,49.42,10014249.0,563.2000145
Malawi,Africa,1997,47.495,10419991.0,692.2758102999999
Malawi,Africa,2002,45.00899999999999,11824495.0,665.4231186000001
Malawi,Africa,2007,48.303000000000004,13327079.0,759.3499101
Malaysia,Asia,1952,48.463,6748378.0,1831.132894
Malaysia,Asia,1957,52.102,7739235.0,1810.0669920000003
Malaysia,Asia,1962,55.736999999999995,8906385.0,2036.8849440000001
Malaysia,Asia,1967,59.371,10154878.0,2277.742396
Malaysia,Asia,1972,63.01,11441462.0,2849.09478
Malaysia,Asia,1977,65.256,12845381.0,3827.9215710000003
Malaysia,Asia,1982,68.0,14441916.0,4920.355951
Malaysia,Asia,1987,69.5,16331785.0,5249.802653
Malaysia,Asia,1992,70.693,18319502.0,7277.912802
Malaysia,Asia,1997,71.938,20476091.0,10132.90964
Malaysia,Asia,2002,73.044,22662365.0,10206.97794
Malaysia,Asia,2007,74.241,24821286.0,12451.6558
Mali,Africa,1952,33.685,3838168.0,452.3369807
Mali,Africa,1957,35.306999999999995,4241884.0,490.3821867
Mali,Africa,1962,36.936,4690372.0,496.17434280000003
Mali,Africa,1967,38.486999999999995,5212416.0,545.0098873
Mali,Africa,1972,39.977,5828158.0,581.3688761
Mali,Africa,1977,41.714,6491649.0,686.3952693
Mali,Africa,1982,43.916000000000004,6998256.0,618.0140640999999
Mali,Africa,1987,46.364,7634008.0,684.1715576
Mali,Africa,1992,48.388000000000005,8416215.0,739.014375
Mali,Africa,1997,49.903,9384984.0,790.2579846
Mali,Africa,2002,51.818000000000005,10580176.0,951.4097517999999
Mali,Africa,2007,54.467,12031795.0,1042.581557
Mauritania,Africa,1952,40.543,1022556.0,743.1159097
Mauritania,Africa,1957,42.338,1076852.0,846.1202613
Mauritania,Africa,1962,44.248000000000005,1146757.0,1055.8960359999999
Mauritania,Africa,1967,46.288999999999994,1230542.0,1421.145193
Mauritania,Africa,1972,48.437,1332786.0,1586.851781
Mauritania,Africa,1977,50.852,1456688.0,1497.492223
Mauritania,Africa,1982,53.599,1622136.0,1481.150189
Mauritania,Africa,1987,56.145,1841240.0,1421.603576
Mauritania,Africa,1992,58.333,2119465.0,1361.369784
Mauritania,Africa,1997,60.43,2444741.0,1483.1361359999999
Mauritania,Africa,2002,62.247,2828858.0,1579.0195429999999
Mauritania,Africa,2007,64.164,3270065.0,1803.1514960000002
Mauritius,Africa,1952,50.986000000000004,516556.0,1967.955707
Mauritius,Africa,1957,58.089,609816.0,2034.037981
Mauritius,Africa,1962,60.246,701016.0,2529.0674870000003
Mauritius,Africa,1967,61.556999999999995,789309.0,2475.387562
Mauritius,Africa,1972,62.943999999999996,851334.0,2575.4841579999998
Mauritius,Africa,1977,64.93,913025.0,3710.9829630000004
Mauritius,Africa,1982,66.711,992040.0,3688.037739
Mauritius,Africa,1987,68.74,1042663.0,4783.586903
Mauritius,Africa,1992,69.745,1096202.0,6058.2538460000005
Mauritius,Africa,1997,70.736,1149818.0,7425.705295000001
Mauritius,Africa,2002,71.954,1200206.0,9021.815894
Mauritius,Africa,2007,72.801,1250882.0,10956.99112
Mexico,Americas,1952,50.788999999999994,30144317.0,3478.125529
Mexico,Americas,1957,55.19,35015548.0,4131.546641
Mexico,Americas,1962,58.299,41121485.0,4581.609385
Mexico,Americas,1967,60.11,47995559.0,5754.733883
Mexico,Americas,1972,62.361000000000004,55984294.0,6809.406690000001
Mexico,Americas,1977,65.032,63759976.0,7674.929108
Mexico,Americas,1982,67.405,71640904.0,9611.147541
Mexico,Americas,1987,69.498,80122492.0,8688.156003
Mexico,Americas,1992,71.455,88111030.0,9472.384295
Mexico,Americas,1997,73.67,95895146.0,9767.29753
Mexico,Americas,2002,74.902,102479927.0,10742.44053
Mexico,Americas,2007,76.195,108700891.0,11977.57496
Mongolia,Asia,1952,42.244,800663.0,786.5668575
Mongolia,Asia,1957,45.248000000000005,882134.0,912.6626085
Mongolia,Asia,1962,48.251000000000005,1010280.0,1056.353958
Mongolia,Asia,1967,51.253,1149500.0,1226.04113
Mongolia,Asia,1972,53.754,1320500.0,1421.741975
Mongolia,Asia,1977,55.49100000000001,1528000.0,1647.511665
Mongolia,Asia,1982,57.489,1756032.0,2000.603139
Mongolia,Asia,1987,60.222,2015133.0,2338.008304
Mongolia,Asia,1992,61.271,2312802.0,1785.402016
Mongolia,Asia,1997,63.625,2494803.0,1902.2521
Mongolia,Asia,2002,65.033,2674234.0,2140.7393230000002
Mongolia,Asia,2007,66.803,2874127.0,3095.7722710000003
Montenegro,Europe,1952,59.163999999999994,413834.0,2647.585601
Montenegro,Europe,1957,61.448,442829.0,3682.259903
Montenegro,Europe,1962,63.728,474528.0,4649.593785
Montenegro,Europe,1967,67.178,501035.0,5907.850937
Montenegro,Europe,1972,70.63600000000001,527678.0,7778.414017
Montenegro,Europe,1977,73.066,560073.0,9595.929904999999
Montenegro,Europe,1982,74.101,562548.0,11222.58762
Montenegro,Europe,1987,74.865,569473.0,11732.51017
Montenegro,Europe,1992,75.435,621621.0,7003.339037000001
Montenegro,Europe,1997,75.445,692651.0,6465.613349
Montenegro,Europe,2002,73.98100000000001,720230.0,6557.194282
Montenegro,Europe,2007,74.543,684736.0,9253.896111
Morocco,Africa,1952,42.873000000000005,9939217.0,1688.20357
Morocco,Africa,1957,45.423,11406350.0,1642.002314
Morocco,Africa,1962,47.924,13056604.0,1566.353493
Morocco,Africa,1967,50.335,14770296.0,1711.04477
Morocco,Africa,1972,52.861999999999995,16660670.0,1930.194975
Morocco,Africa,1977,55.73,18396941.0,2370.619976
Morocco,Africa,1982,59.65,20198730.0,2702.620356
Morocco,Africa,1987,62.677,22987397.0,2755.046991
Morocco,Africa,1992,65.393,25798239.0,2948.047252
Morocco,Africa,1997,67.66,28529501.0,2982.101858
Morocco,Africa,2002,69.615,31167783.0,3258.495584
Morocco,Africa,2007,71.164,33757175.0,3820.17523
Mozambique,Africa,1952,31.285999999999998,6446316.0,468.5260381
Mozambique,Africa,1957,33.779,7038035.0,495.5868333000001
Mozambique,Africa,1962,36.161,7788944.0,556.6863539
Mozambique,Africa,1967,38.113,8680909.0,566.6691539
Mozambique,Africa,1972,40.328,9809596.0,724.9178037
Mozambique,Africa,1977,42.495,11127868.0,502.31973339999996
Mozambique,Africa,1982,42.795,12587223.0,462.2114149
Mozambique,Africa,1987,42.861000000000004,12891952.0,389.87618460000004
Mozambique,Africa,1992,44.284,13160731.0,410.89682389999996
Mozambique,Africa,1997,46.343999999999994,16603334.0,472.34607710000006
Mozambique,Africa,2002,44.026,18473780.0,633.6179466
Mozambique,Africa,2007,42.082,19951656.0,823.6856205
Myanmar,Asia,1952,36.319,20092996.0,331.0
Myanmar,Asia,1957,41.905,21731844.0,350.0
Myanmar,Asia,1962,45.108000000000004,23634436.0,388.0
Myanmar,Asia,1967,49.379,25870271.0,349.0
Myanmar,Asia,1972,53.07,28466390.0,357.0
Myanmar,Asia,1977,56.059,31528087.0,371.0
Myanmar,Asia,1982,58.056000000000004,34680442.0,424.0
Myanmar,Asia,1987,58.339,38028578.0,385.0
Myanmar,Asia,1992,59.32,40546538.0,347.0
Myanmar,Asia,1997,60.328,43247867.0,415.0
Myanmar,Asia,2002,59.908,45598081.0,611.0
Myanmar,Asia,2007,62.068999999999996,47761980.0,944.0
Namibia,Africa,1952,41.725,485831.0,2423.780443
Namibia,Africa,1957,45.226000000000006,548080.0,2621.448058
Namibia,Africa,1962,48.386,621392.0,3173.215595
Namibia,Africa,1967,51.159,706640.0,3793.694753
Namibia,Africa,1972,53.867,821782.0,3746.080948
Namibia,Africa,1977,56.437,977026.0,3876.4859579999998
Namibia,Africa,1982,58.968,1099010.0,4191.100511
Namibia,Africa,1987,60.835,1278184.0,3693.7313369999997
Namibia,Africa,1992,61.998999999999995,1554253.0,3804.537999
Namibia,Africa,1997,58.909,1774766.0,3899.52426
Namibia,Africa,2002,51.479,1972153.0,4072.3247509999997
Namibia,Africa,2007,52.906000000000006,2055080.0,4811.060429
Nepal,Asia,1952,36.157,9182536.0,545.8657228999999
Nepal,Asia,1957,37.686,9682338.0,597.9363557999999
Nepal,Asia,1962,39.393,10332057.0,652.3968593
Nepal,Asia,1967,41.472,11261690.0,676.4422254
Nepal,Asia,1972,43.971000000000004,12412593.0,674.7881296
Nepal,Asia,1977,46.748000000000005,13933198.0,694.1124398
Nepal,Asia,1982,49.593999999999994,15796314.0,718.3730947
Nepal,Asia,1987,52.537,17917180.0,775.6324501
Nepal,Asia,1992,55.727,20326209.0,897.7403604
Nepal,Asia,1997,59.426,23001113.0,1010.892138
Nepal,Asia,2002,61.34,25873917.0,1057.206311
Nepal,Asia,2007,63.785,28901790.0,1091.359778
Netherlands,Europe,1952,72.13,10381988.0,8941.571858
Netherlands,Europe,1957,72.99,11026383.0,11276.193440000001
Netherlands,Europe,1962,73.23,11805689.0,12790.849559999999
Netherlands,Europe,1967,73.82,12596822.0,15363.25136
Netherlands,Europe,1972,73.75,13329874.0,18794.74567
Netherlands,Europe,1977,75.24,13852989.0,21209.0592
Netherlands,Europe,1982,76.05,14310401.0,21399.46046
Netherlands,Europe,1987,76.83,14665278.0,23651.32361
Netherlands,Europe,1992,77.42,15174244.0,26790.94961
Netherlands,Europe,1997,78.03,15604464.0,30246.13063
Netherlands,Europe,2002,78.53,16122830.0,33724.75778
Netherlands,Europe,2007,79.762,16570613.0,36797.93332
New Zealand,Oceania,1952,69.39,1994794.0,10556.575659999999
New Zealand,Oceania,1957,70.26,2229407.0,12247.39532
New Zealand,Oceania,1962,71.24,2488550.0,13175.678
New Zealand,Oceania,1967,71.52,2728150.0,14463.918930000002
New Zealand,Oceania,1972,71.89,2929100.0,16046.03728
New Zealand,Oceania,1977,72.22,3164900.0,16233.7177
New Zealand,Oceania,1982,73.84,3210650.0,17632.4104
New Zealand,Oceania,1987,74.32,3317166.0,19007.19129
New Zealand,Oceania,1992,76.33,3437674.0,18363.324940000002
New Zealand,Oceania,1997,77.55,3676187.0,21050.41377
New Zealand,Oceania,2002,79.11,3908037.0,23189.80135
New Zealand,Oceania,2007,80.204,4115771.0,25185.00911
Nicaragua,Americas,1952,42.31399999999999,1165790.0,3112.363948
Nicaragua,Americas,1957,45.431999999999995,1358828.0,3457.415947
Nicaragua,Americas,1962,48.632,1590597.0,3634.364406
Nicaragua,Americas,1967,51.88399999999999,1865490.0,4643.393534000001
Nicaragua,Americas,1972,55.151,2182908.0,4688.593267
Nicaragua,Americas,1977,57.47,2554598.0,5486.371089
Nicaragua,Americas,1982,59.298,2979423.0,3470.3381560000003
Nicaragua,Americas,1987,62.008,3344353.0,2955.984375
Nicaragua,Americas,1992,65.843,4017939.0,2170.151724
Nicaragua,Americas,1997,68.426,4609572.0,2253.023004
Nicaragua,Americas,2002,70.836,5146848.0,2474.548819
Nicaragua,Americas,2007,72.899,5675356.0,2749.320965
Niger,Africa,1952,37.444,3379468.0,761.879376
Niger,Africa,1957,38.598,3692184.0,835.5234025000001
Niger,Africa,1962,39.486999999999995,4076008.0,997.7661127
Niger,Africa,1967,40.118,4534062.0,1054.384891
Niger,Africa,1972,40.546,5060262.0,954.2092363
Niger,Africa,1977,41.291000000000004,5682086.0,808.8970727999999
Niger,Africa,1982,42.598,6437188.0,909.7221354000001
Niger,Africa,1987,44.555,7332638.0,668.3000228
Niger,Africa,1992,47.391000000000005,8392818.0,581.182725
Niger,Africa,1997,51.313,9666252.0,580.3052092
Niger,Africa,2002,54.496,11140655.0,601.0745012
Niger,Africa,2007,56.867,12894865.0,619.6768923999999
Nigeria,Africa,1952,36.324,33119096.0,1077.281856
Nigeria,Africa,1957,37.802,37173340.0,1100.5925630000002
Nigeria,Africa,1962,39.36,41871351.0,1150.9274779999998
Nigeria,Africa,1967,41.04,47287752.0,1014.5141039999999
Nigeria,Africa,1972,42.821000000000005,53740085.0,1698.3888379999999
Nigeria,Africa,1977,44.513999999999996,62209173.0,1981.9518059999998
Nigeria,Africa,1982,45.826,73039376.0,1576.97375
Nigeria,Africa,1987,46.886,81551520.0,1385.029563
Nigeria,Africa,1992,47.472,93364244.0,1619.848217
Nigeria,Africa,1997,47.464,106207839.0,1624.941275
Nigeria,Africa,2002,46.608000000000004,119901274.0,1615.2863949999999
Nigeria,Africa,2007,46.858999999999995,135031164.0,2013.9773050000001
Norway,Europe,1952,72.67,3327728.0,10095.42172
Norway,Europe,1957,73.44,3491938.0,11653.97304
Norway,Europe,1962,73.47,3638919.0,13450.40151
Norway,Europe,1967,74.08,3786019.0,16361.87647
Norway,Europe,1972,74.34,3933004.0,18965.05551
Norway,Europe,1977,75.37,4043205.0,23311.34939
Norway,Europe,1982,75.97,4114787.0,26298.635309999998
Norway,Europe,1987,75.89,4186147.0,31540.9748
Norway,Europe,1992,77.32,4286357.0,33965.66115
Norway,Europe,1997,78.32,4405672.0,41283.16433
Norway,Europe,2002,79.05,4535591.0,44683.97525
Norway,Europe,2007,80.196,4627926.0,49357.19017
Oman,Asia,1952,37.578,507833.0,1828.230307
Oman,Asia,1957,40.08,561977.0,2242.746551
Oman,Asia,1962,43.165,628164.0,2924.638113
Oman,Asia,1967,46.988,714775.0,4720.942687
Oman,Asia,1972,52.143,829050.0,10618.03855
Oman,Asia,1977,57.367,1004533.0,11848.343920000001
Oman,Asia,1982,62.728,1301048.0,12954.791009999999
Oman,Asia,1987,67.734,1593882.0,18115.223130000002
Oman,Asia,1992,71.197,1915208.0,18616.70691
Oman,Asia,1997,72.499,2283635.0,19702.055809999998
Oman,Asia,2002,74.193,2713462.0,19774.83687
Oman,Asia,2007,75.64,3204897.0,22316.19287
Pakistan,Asia,1952,43.43600000000001,41346560.0,684.5971437999999
Pakistan,Asia,1957,45.556999999999995,46679944.0,747.0835292
Pakistan,Asia,1962,47.67,53100671.0,803.3427418
Pakistan,Asia,1967,49.8,60641899.0,942.4082588
Pakistan,Asia,1972,51.928999999999995,69325921.0,1049.938981
Pakistan,Asia,1977,54.043,78152686.0,1175.921193
Pakistan,Asia,1982,56.158,91462088.0,1443.429832
Pakistan,Asia,1987,58.245,105186881.0,1704.686583
Pakistan,Asia,1992,60.838,120065004.0,1971.8294640000001
Pakistan,Asia,1997,61.818000000000005,135564834.0,2049.3505210000003
Pakistan,Asia,2002,63.61,153403524.0,2092.712441
Pakistan,Asia,2007,65.483,169270617.0,2605.94758
Panama,Americas,1952,55.191,940080.0,2480.380334
Panama,Americas,1957,59.201,1063506.0,2961.800905
Panama,Americas,1962,61.817,1215725.0,3536.540301
Panama,Americas,1967,64.071,1405486.0,4421.009084
Panama,Americas,1972,66.21600000000001,1616384.0,5364.2496630000005
Panama,Americas,1977,68.681,1839782.0,5351.912144
Panama,Americas,1982,70.472,2036305.0,7009.601598
Panama,Americas,1987,71.523,2253639.0,7034.779161
Panama,Americas,1992,72.462,2484997.0,6618.74305
Panama,Americas,1997,73.738,2734531.0,7113.692252
Panama,Americas,2002,74.712,2990875.0,7356.031934000001
Panama,Americas,2007,75.53699999999999,3242173.0,9809.185636
Paraguay,Americas,1952,62.648999999999994,1555876.0,1952.3087010000002
Paraguay,Americas,1957,63.196000000000005,1770902.0,2046.1547059999998
Paraguay,Americas,1962,64.361,2009813.0,2148.027146
Paraguay,Americas,1967,64.95100000000001,2287985.0,2299.376311
Paraguay,Americas,1972,65.815,2614104.0,2523.337977
Paraguay,Americas,1977,66.35300000000001,2984494.0,3248.373311
Paraguay,Americas,1982,66.874,3366439.0,4258.5036039999995
Paraguay,Americas,1987,67.378,3886512.0,3998.875695
Paraguay,Americas,1992,68.225,4483945.0,4196.411078
Paraguay,Americas,1997,69.4,5154123.0,4247.400261
Paraguay,Americas,2002,70.755,5884491.0,3783.674243
Paraguay,Americas,2007,71.752,6667147.0,4172.838464
Peru,Americas,1952,43.902,8025700.0,3758.523437
Peru,Americas,1957,46.263000000000005,9146100.0,4245.256697999999
Peru,Americas,1962,49.096000000000004,10516500.0,4957.037982
Peru,Americas,1967,51.445,12132200.0,5788.09333
Peru,Americas,1972,55.448,13954700.0,5937.827283
Peru,Americas,1977,58.446999999999996,15990099.0,6281.290854999999
Peru,Americas,1982,61.406000000000006,18125129.0,6434.501797
Peru,Americas,1987,64.134,20195924.0,6360.9434439999995
Peru,Americas,1992,66.458,22430449.0,4446.380924
Peru,Americas,1997,68.38600000000001,24748122.0,5838.347657
Peru,Americas,2002,69.906,26769436.0,5909.020073
Peru,Americas,2007,71.421,28674757.0,7408.905561
Philippines,Asia,1952,47.751999999999995,22438691.0,1272.880995
Philippines,Asia,1957,51.333999999999996,26072194.0,1547.9448439999999
Philippines,Asia,1962,54.757,30325264.0,1649.5521529999999
Philippines,Asia,1967,56.393,35356600.0,1814.12743
Philippines,Asia,1972,58.065,40850141.0,1989.3740699999998
Philippines,Asia,1977,60.06,46850962.0,2373.204287
Philippines,Asia,1982,62.082,53456774.0,2603.273765
Philippines,Asia,1987,64.15100000000001,60017788.0,2189.634995
Philippines,Asia,1992,66.458,67185766.0,2279.3240170000004
Philippines,Asia,1997,68.564,75012988.0,2536.534925
Philippines,Asia,2002,70.303,82995088.0,2650.921068
Philippines,Asia,2007,71.688,91077287.0,3190.481016
Poland,Europe,1952,61.31,25730551.0,4029.3296990000003
Poland,Europe,1957,65.77,28235346.0,4734.253019
Poland,Europe,1962,67.64,30329617.0,5338.752143
Poland,Europe,1967,69.61,31785378.0,6557.152776
Poland,Europe,1972,70.85,33039545.0,8006.506993000001
Poland,Europe,1977,70.67,34621254.0,9508.141454
Poland,Europe,1982,71.32,36227381.0,8451.531004
Poland,Europe,1987,70.98,37740710.0,9082.351172
Poland,Europe,1992,70.99,38370697.0,7738.881247
Poland,Europe,1997,72.75,38654957.0,10159.58368
Poland,Europe,2002,74.67,38625976.0,12002.23908
Poland,Europe,2007,75.563,38518241.0,15389.924680000002
Portugal,Europe,1952,59.82,8526050.0,3068.319867
Portugal,Europe,1957,61.51,8817650.0,3774.571743
Portugal,Europe,1962,64.39,9019800.0,4727.954889
Portugal,Europe,1967,66.6,9103000.0,6361.517993
Portugal,Europe,1972,69.26,8970450.0,9022.247417
Portugal,Europe,1977,70.41,9662600.0,10172.48572
Portugal,Europe,1982,72.77,9859650.0,11753.84291
Portugal,Europe,1987,74.06,9915289.0,13039.30876
Portugal,Europe,1992,74.86,9927680.0,16207.266630000002
Portugal,Europe,1997,75.97,10156415.0,17641.03156
Portugal,Europe,2002,77.29,10433867.0,19970.90787
Portugal,Europe,2007,78.098,10642836.0,20509.64777
Puerto Rico,Americas,1952,64.28,2227000.0,3081.959785
Puerto Rico,Americas,1957,68.54,2260000.0,3907.1561890000003
Puerto Rico,Americas,1962,69.62,2448046.0,5108.34463
Puerto Rico,Americas,1967,71.1,2648961.0,6929.277714
Puerto Rico,Americas,1972,72.16,2847132.0,9123.041742
Puerto Rico,Americas,1977,73.44,3080828.0,9770.524921
Puerto Rico,Americas,1982,73.75,3279001.0,10330.98915
Puerto Rico,Americas,1987,74.63,3444468.0,12281.34191
Puerto Rico,Americas,1992,73.911,3585176.0,14641.587109999999
Puerto Rico,Americas,1997,74.917,3759430.0,16999.4333
Puerto Rico,Americas,2002,77.778,3859606.0,18855.606180000002
Puerto Rico,Americas,2007,78.74600000000001,3942491.0,19328.70901
Reunion,Africa,1952,52.724,257700.0,2718.885295
Reunion,Africa,1957,55.09,308700.0,2769.451844
Reunion,Africa,1962,57.666000000000004,358900.0,3173.72334
Reunion,Africa,1967,60.542,414024.0,4021.1757390000002
Reunion,Africa,1972,64.274,461633.0,5047.658563
Reunion,Africa,1977,67.064,492095.0,4319.804067
Reunion,Africa,1982,69.885,517810.0,5267.219353
Reunion,Africa,1987,71.913,562035.0,5303.377488
Reunion,Africa,1992,73.615,622191.0,6101.2558229999995
Reunion,Africa,1997,74.77199999999999,684810.0,6071.941411
Reunion,Africa,2002,75.744,743981.0,6316.1652
Reunion,Africa,2007,76.442,798094.0,7670.122558
Romania,Europe,1952,61.05,16630000.0,3144.613186
Romania,Europe,1957,64.1,17829327.0,3943.370225
Romania,Europe,1962,66.8,18680721.0,4734.9975859999995
Romania,Europe,1967,66.8,19284814.0,6470.866545
Romania,Europe,1972,69.21,20662648.0,8011.414401999999
Romania,Europe,1977,69.46,21658597.0,9356.39724
Romania,Europe,1982,69.66,22356726.0,9605.314053
Romania,Europe,1987,69.53,22686371.0,9696.273295
Romania,Europe,1992,69.36,22797027.0,6598.409903
Romania,Europe,1997,69.72,22562458.0,7346.547556999999
Romania,Europe,2002,71.322,22404337.0,7885.360081
Romania,Europe,2007,72.476,22276056.0,10808.47561
Rwanda,Africa,1952,40.0,2534927.0,493.32387520000003
Rwanda,Africa,1957,41.5,2822082.0,540.2893982999999
Rwanda,Africa,1962,43.0,3051242.0,597.4730727000001
Rwanda,Africa,1967,44.1,3451079.0,510.9637142
Rwanda,Africa,1972,44.6,3992121.0,590.5806637999999
Rwanda,Africa,1977,45.0,4657072.0,670.0806011
Rwanda,Africa,1982,46.218,5507565.0,881.5706467
Rwanda,Africa,1987,44.02,6349365.0,847.991217
Rwanda,Africa,1992,23.599,7290203.0,737.0685949
Rwanda,Africa,1997,36.086999999999996,7212583.0,589.9445051
Rwanda,Africa,2002,43.413000000000004,7852401.0,785.6537647999999
Rwanda,Africa,2007,46.242,8860588.0,863.0884639000001
Sao Tome and Principe,Africa,1952,46.471000000000004,60011.0,879.5835855
Sao Tome and Principe,Africa,1957,48.945,61325.0,860.7369026
Sao Tome and Principe,Africa,1962,51.893,65345.0,1071.551119
Sao Tome and Principe,Africa,1967,54.425,70787.0,1384.840593
Sao Tome and Principe,Africa,1972,56.48,76595.0,1532.985254
Sao Tome and Principe,Africa,1977,58.55,86796.0,1737.561657
Sao Tome and Principe,Africa,1982,60.351000000000006,98593.0,1890.2181170000001
Sao Tome and Principe,Africa,1987,61.728,110812.0,1516.525457
Sao Tome and Principe,Africa,1992,62.742,125911.0,1428.777814
Sao Tome and Principe,Africa,1997,63.306000000000004,145608.0,1339.076036
Sao Tome and Principe,Africa,2002,64.337,170372.0,1353.09239
Sao Tome and Principe,Africa,2007,65.528,199579.0,1598.435089
Saudi Arabia,Asia,1952,39.875,4005677.0,6459.5548229999995
Saudi Arabia,Asia,1957,42.868,4419650.0,8157.591248000001
Saudi Arabia,Asia,1962,45.913999999999994,4943029.0,11626.41975
Saudi Arabia,Asia,1967,49.901,5618198.0,16903.04886
Saudi Arabia,Asia,1972,53.886,6472756.0,24837.42865
Saudi Arabia,Asia,1977,58.69,8128505.0,34167.7626
Saudi Arabia,Asia,1982,63.012,11254672.0,33693.17525
Saudi Arabia,Asia,1987,66.295,14619745.0,21198.26136
Saudi Arabia,Asia,1992,68.768,16945857.0,24841.617769999997
Saudi Arabia,Asia,1997,70.533,21229759.0,20586.69019
Saudi Arabia,Asia,2002,71.626,24501530.0,19014.54118
Saudi Arabia,Asia,2007,72.777,27601038.0,21654.83194
Senegal,Africa,1952,37.278,2755589.0,1450.356983
Senegal,Africa,1957,39.329,3054547.0,1567.653006
Senegal,Africa,1962,41.45399999999999,3430243.0,1654.988723
Senegal,Africa,1967,43.563,3965841.0,1612.404632
Senegal,Africa,1972,45.815,4588696.0,1597.712056
Senegal,Africa,1977,48.879,5260855.0,1561.769116
Senegal,Africa,1982,52.379,6147783.0,1518.479984
Senegal,Africa,1987,55.769,7171347.0,1441.72072
Senegal,Africa,1992,58.196000000000005,8307920.0,1367.899369
Senegal,Africa,1997,60.187,9535314.0,1392.368347
Senegal,Africa,2002,61.6,10870037.0,1519.635262
Senegal,Africa,2007,63.062,12267493.0,1712.4721359999999
Serbia,Europe,1952,57.996,6860147.0,3581.4594479999996
Serbia,Europe,1957,61.685,7271135.0,4981.090891
Serbia,Europe,1962,64.531,7616060.0,6289.629157
Serbia,Europe,1967,66.914,7971222.0,7991.707066
Serbia,Europe,1972,68.7,8313288.0,10522.067490000001
Serbia,Europe,1977,70.3,8686367.0,12980.66956
Serbia,Europe,1982,70.16199999999999,9032824.0,15181.0927
Serbia,Europe,1987,71.218,9230783.0,15870.878509999999
Serbia,Europe,1992,71.65899999999999,9826397.0,9325.068238
Serbia,Europe,1997,72.232,10336594.0,7914.320304000001
Serbia,Europe,2002,73.21300000000001,10111559.0,7236.075251
Serbia,Europe,2007,74.002,10150265.0,9786.534714
Sierra Leone,Africa,1952,30.331,2143249.0,879.7877358
Sierra Leone,Africa,1957,31.57,2295678.0,1004.484437
Sierra Leone,Africa,1962,32.766999999999996,2467895.0,1116.6398769999998
Sierra Leone,Africa,1967,34.113,2662190.0,1206.043465
Sierra Leone,Africa,1972,35.4,2879013.0,1353.759762
Sierra Leone,Africa,1977,36.788000000000004,3140897.0,1348.285159
Sierra Leone,Africa,1982,38.445,3464522.0,1465.010784
Sierra Leone,Africa,1987,40.006,3868905.0,1294.4477880000002
Sierra Leone,Africa,1992,38.333,4260884.0,1068.696278
Sierra Leone,Africa,1997,39.897,4578212.0,574.6481576
Sierra Leone,Africa,2002,41.012,5359092.0,699.4897129999999
Sierra Leone,Africa,2007,42.568000000000005,6144562.0,862.5407561000001
Singapore,Asia,1952,60.396,1127000.0,2315.138227
Singapore,Asia,1957,63.178999999999995,1445929.0,2843.104409
Singapore,Asia,1962,65.798,1750200.0,3674.735572
Singapore,Asia,1967,67.946,1977600.0,4977.41854
Singapore,Asia,1972,69.521,2152400.0,8597.756202
Singapore,Asia,1977,70.795,2325300.0,11210.08948
Singapore,Asia,1982,71.76,2651869.0,15169.161119999999
Singapore,Asia,1987,73.56,2794552.0,18861.53081
Singapore,Asia,1992,75.788,3235865.0,24769.8912
Singapore,Asia,1997,77.158,3802309.0,33519.4766
Singapore,Asia,2002,78.77,4197776.0,36023.1054
Singapore,Asia,2007,79.972,4553009.0,47143.179639999995
Slovak Republic,Europe,1952,64.36,3558137.0,5074.659104
Slovak Republic,Europe,1957,67.45,3844277.0,6093.2629799999995
Slovak Republic,Europe,1962,70.33,4237384.0,7481.1075980000005
Slovak Republic,Europe,1967,70.98,4442238.0,8412.902397
Slovak Republic,Europe,1972,70.35,4593433.0,9674.167626
Slovak Republic,Europe,1977,70.45,4827803.0,10922.664040000001
Slovak Republic,Europe,1982,70.8,5048043.0,11348.54585
Slovak Republic,Europe,1987,71.08,5199318.0,12037.26758
Slovak Republic,Europe,1992,71.38,5302888.0,9498.467723
Slovak Republic,Europe,1997,72.71,5383010.0,12126.23065
Slovak Republic,Europe,2002,73.8,5410052.0,13638.778369999998
Slovak Republic,Europe,2007,74.663,5447502.0,18678.31435
Slovenia,Europe,1952,65.57,1489518.0,4215.041741
Slovenia,Europe,1957,67.85,1533070.0,5862.276629
Slovenia,Europe,1962,69.15,1582962.0,7402.303395
Slovenia,Europe,1967,69.18,1646912.0,9405.489397
Slovenia,Europe,1972,69.82,1694510.0,12383.4862
Slovenia,Europe,1977,70.97,1746919.0,15277.030169999998
Slovenia,Europe,1982,71.063,1861252.0,17866.72175
Slovenia,Europe,1987,72.25,1945870.0,18678.53492
Slovenia,Europe,1992,73.64,1999210.0,14214.71681
Slovenia,Europe,1997,75.13,2011612.0,17161.10735
Slovenia,Europe,2002,76.66,2011497.0,20660.01936
Slovenia,Europe,2007,77.926,2009245.0,25768.25759
Somalia,Africa,1952,32.978,2526994.0,1135.749842
Somalia,Africa,1957,34.977,2780415.0,1258.1474130000001
Somalia,Africa,1962,36.981,3080153.0,1369.488336
Somalia,Africa,1967,38.977,3428839.0,1284.7331800000002
Somalia,Africa,1972,40.973,3840161.0,1254.576127
Somalia,Africa,1977,41.974,4353666.0,1450.9925130000001
Somalia,Africa,1982,42.955,5828892.0,1176.807031
Somalia,Africa,1987,44.501000000000005,6921858.0,1093.244963
Somalia,Africa,1992,39.658,6099799.0,926.9602964
Somalia,Africa,1997,43.795,6633514.0,930.5964284
Somalia,Africa,2002,45.93600000000001,7753310.0,882.0818218000001
Somalia,Africa,2007,48.159,9118773.0,926.1410683
South Africa,Africa,1952,45.00899999999999,14264935.0,4725.295531000001
South Africa,Africa,1957,47.985,16151549.0,5487.104219
South Africa,Africa,1962,49.951,18356657.0,5768.729717
South Africa,Africa,1967,51.927,20997321.0,7114.477970999999
South Africa,Africa,1972,53.696000000000005,23935810.0,7765.962636
South Africa,Africa,1977,55.527,27129932.0,8028.651439
South Africa,Africa,1982,58.161,31140029.0,8568.266228
South Africa,Africa,1987,60.833999999999996,35933379.0,7825.823398
South Africa,Africa,1992,61.888000000000005,39964159.0,7225.0692579999995
South Africa,Africa,1997,60.236000000000004,42835005.0,7479.188244
South Africa,Africa,2002,53.365,44433622.0,7710.946444
South Africa,Africa,2007,49.339,43997828.0,9269.657808
Spain,Europe,1952,64.94,28549870.0,3834.0347420000003
Spain,Europe,1957,66.66,29841614.0,4564.80241
Spain,Europe,1962,69.69,31158061.0,5693.843879
Spain,Europe,1967,71.44,32850275.0,7993.512294
Spain,Europe,1972,73.06,34513161.0,10638.75131
Spain,Europe,1977,74.39,36439000.0,13236.92117
Spain,Europe,1982,76.3,37983310.0,13926.169969999999
Spain,Europe,1987,76.9,38880702.0,15764.98313
Spain,Europe,1992,77.57,39549438.0,18603.06452
Spain,Europe,1997,78.77,39855442.0,20445.29896
Spain,Europe,2002,79.78,40152517.0,24835.47166
Spain,Europe,2007,80.941,40448191.0,28821.0637
Sri Lanka,Asia,1952,57.593,7982342.0,1083.53203
Sri Lanka,Asia,1957,61.456,9128546.0,1072.546602
Sri Lanka,Asia,1962,62.192,10421936.0,1074.4719599999999
Sri Lanka,Asia,1967,64.266,11737396.0,1135.514326
Sri Lanka,Asia,1972,65.042,13016733.0,1213.39553
Sri Lanka,Asia,1977,65.949,14116836.0,1348.775651
Sri Lanka,Asia,1982,68.757,15410151.0,1648.0797890000001
Sri Lanka,Asia,1987,69.01100000000001,16495304.0,1876.766827
Sri Lanka,Asia,1992,70.37899999999999,17587060.0,2153.7392219999997
Sri Lanka,Asia,1997,70.457,18698655.0,2664.477257
Sri Lanka,Asia,2002,70.815,19576783.0,3015.3788329999998
Sri Lanka,Asia,2007,72.396,20378239.0,3970.0954070000003
Sudan,Africa,1952,38.635,8504667.0,1615.991129
Sudan,Africa,1957,39.624,9753392.0,1770.3370739999998
Sudan,Africa,1962,40.87,11183227.0,1959.593767
Sudan,Africa,1967,42.858000000000004,12716129.0,1687.997641
Sudan,Africa,1972,45.083,14597019.0,1659.652775
Sudan,Africa,1977,47.8,17104986.0,2202.9884230000002
Sudan,Africa,1982,50.338,20367053.0,1895.544073
Sudan,Africa,1987,51.744,24725960.0,1507.819159
Sudan,Africa,1992,53.556000000000004,28227588.0,1492.197043
Sudan,Africa,1997,55.373000000000005,32160729.0,1632.2107640000002
Sudan,Africa,2002,56.369,37090298.0,1993.398314
Sudan,Africa,2007,58.556000000000004,42292929.0,2602.394995
Swaziland,Africa,1952,41.407,290243.0,1148.376626
Swaziland,Africa,1957,43.424,326741.0,1244.708364
Swaziland,Africa,1962,44.992,370006.0,1856.182125
Swaziland,Africa,1967,46.633,420690.0,2613.1016649999997
Swaziland,Africa,1972,49.552,480105.0,3364.836625
Swaziland,Africa,1977,52.537,551425.0,3781.410618
Swaziland,Africa,1982,55.56100000000001,649901.0,3895.384018
Swaziland,Africa,1987,57.678000000000004,779348.0,3984.8398119999997
Swaziland,Africa,1992,58.474,962344.0,3553.0224
Swaziland,Africa,1997,54.288999999999994,1054486.0,3876.7684600000002
Swaziland,Africa,2002,43.869,1130269.0,4128.116943
Swaziland,Africa,2007,39.613,1133066.0,4513.480643
Sweden,Europe,1952,71.86,7124673.0,8527.844662000001
Sweden,Europe,1957,72.49,7363802.0,9911.878226
Sweden,Europe,1962,73.37,7561588.0,12329.441920000001
Sweden,Europe,1967,74.16,7867931.0,15258.29697
Sweden,Europe,1972,74.72,8122293.0,17832.02464
Sweden,Europe,1977,75.44,8251648.0,18855.72521
Sweden,Europe,1982,76.42,8325260.0,20667.38125
Sweden,Europe,1987,77.19,8421403.0,23586.92927
Sweden,Europe,1992,78.16,8718867.0,23880.01683
Sweden,Europe,1997,79.39,8897619.0,25266.59499
Sweden,Europe,2002,80.04,8954175.0,29341.630930000003
Sweden,Europe,2007,80.884,9031088.0,33859.74835
Switzerland,Europe,1952,69.62,4815000.0,14734.23275
Switzerland,Europe,1957,70.56,5126000.0,17909.48973
Switzerland,Europe,1962,71.32,5666000.0,20431.0927
Switzerland,Europe,1967,72.77,6063000.0,22966.14432
Switzerland,Europe,1972,73.78,6401400.0,27195.113039999997
Switzerland,Europe,1977,75.39,6316424.0,26982.29052
Switzerland,Europe,1982,76.21,6468126.0,28397.715119999997
Switzerland,Europe,1987,77.41,6649942.0,30281.704589999998
Switzerland,Europe,1992,78.03,6995447.0,31871.5303
Switzerland,Europe,1997,79.37,7193761.0,32135.323010000004
Switzerland,Europe,2002,80.62,7361757.0,34480.95771
Switzerland,Europe,2007,81.70100000000001,7554661.0,37506.419069999996
Syria,Asia,1952,45.883,3661549.0,1643.485354
Syria,Asia,1957,48.284,4149908.0,2117.234893
Syria,Asia,1962,50.305,4834621.0,2193.037133
Syria,Asia,1967,53.655,5680812.0,1881.923632
Syria,Asia,1972,57.29600000000001,6701172.0,2571.423014
Syria,Asia,1977,61.195,7932503.0,3195.484582
Syria,Asia,1982,64.59,9410494.0,3761.8377149999997
Syria,Asia,1987,66.97399999999999,11242847.0,3116.774285
Syria,Asia,1992,69.249,13219062.0,3340.542768
Syria,Asia,1997,71.527,15081016.0,4014.238972
Syria,Asia,2002,73.053,17155814.0,4090.9253310000004
Syria,Asia,2007,74.143,19314747.0,4184.548089
Taiwan,Asia,1952,58.5,8550362.0,1206.947913
Taiwan,Asia,1957,62.4,10164215.0,1507.86129
Taiwan,Asia,1962,65.2,11918938.0,1822.879028
Taiwan,Asia,1967,67.5,13648692.0,2643.8586809999997
Taiwan,Asia,1972,69.39,15226039.0,4062.523897
Taiwan,Asia,1977,70.59,16785196.0,5596.519826
Taiwan,Asia,1982,72.16,18501390.0,7426.354773999999
Taiwan,Asia,1987,73.4,19757799.0,11054.56175
Taiwan,Asia,1992,74.26,20686918.0,15215.6579
Taiwan,Asia,1997,75.25,21628605.0,20206.82098
Taiwan,Asia,2002,76.99,22454239.0,23235.42329
Taiwan,Asia,2007,78.4,23174294.0,28718.27684
Tanzania,Africa,1952,41.215,8322925.0,716.6500721
Tanzania,Africa,1957,42.974,9452826.0,698.5356073
Tanzania,Africa,1962,44.246,10863958.0,722.0038073
Tanzania,Africa,1967,45.757,12607312.0,848.2186575
Tanzania,Africa,1972,47.62,14706593.0,915.9850592
Tanzania,Africa,1977,49.919,17129565.0,962.4922932
Tanzania,Africa,1982,50.608000000000004,19844382.0,874.2426069
Tanzania,Africa,1987,51.535,23040630.0,831.8220794
Tanzania,Africa,1992,50.44,26605473.0,825.682454
Tanzania,Africa,1997,48.466,30686889.0,789.1862231
Tanzania,Africa,2002,49.651,34593779.0,899.0742111
Tanzania,Africa,2007,52.516999999999996,38139640.0,1107.482182
Thailand,Asia,1952,50.848,21289402.0,757.7974177
Thailand,Asia,1957,53.63,25041917.0,793.5774147999999
Thailand,Asia,1962,56.06100000000001,29263397.0,1002.1991720000001
Thailand,Asia,1967,58.285,34024249.0,1295.46066
Thailand,Asia,1972,60.405,39276153.0,1524.3589359999999
Thailand,Asia,1977,62.494,44148285.0,1961.2246350000003
Thailand,Asia,1982,64.597,48827160.0,2393.219781
Thailand,Asia,1987,66.084,52910342.0,2982.653773
Thailand,Asia,1992,67.298,56667095.0,4616.8965450000005
Thailand,Asia,1997,67.521,60216677.0,5852.625497
Thailand,Asia,2002,68.564,62806748.0,5913.187529
Thailand,Asia,2007,70.616,65068149.0,7458.3963269999995
Togo,Africa,1952,38.596,1219113.0,859.8086567
Togo,Africa,1957,41.208,1357445.0,925.9083201999999
Togo,Africa,1962,43.922,1528098.0,1067.5348099999999
Togo,Africa,1967,46.769,1735550.0,1477.59676
Togo,Africa,1972,49.75899999999999,2056351.0,1649.660188
Togo,Africa,1977,52.887,2308582.0,1532.776998
Togo,Africa,1982,55.471000000000004,2644765.0,1344.577953
Togo,Africa,1987,56.941,3154264.0,1202.201361
Togo,Africa,1992,58.06100000000001,3747553.0,1034.298904
Togo,Africa,1997,58.39,4320890.0,982.2869242999999
Togo,Africa,2002,57.56100000000001,4977378.0,886.2205765000001
Togo,Africa,2007,58.42,5701579.0,882.9699437999999
Trinidad and Tobago,Americas,1952,59.1,662850.0,3023.271928
Trinidad and Tobago,Americas,1957,61.8,764900.0,4100.3934
Trinidad and Tobago,Americas,1962,64.9,887498.0,4997.5239710000005
Trinidad and Tobago,Americas,1967,65.4,960155.0,5621.368472
Trinidad and Tobago,Americas,1972,65.9,975199.0,6619.551418999999
Trinidad and Tobago,Americas,1977,68.3,1039009.0,7899.554209000001
Trinidad and Tobago,Americas,1982,68.832,1116479.0,9119.528607
Trinidad and Tobago,Americas,1987,69.582,1191336.0,7388.597823
Trinidad and Tobago,Americas,1992,69.862,1183669.0,7370.990932
Trinidad and Tobago,Americas,1997,69.465,1138101.0,8792.573126000001
Trinidad and Tobago,Americas,2002,68.976,1101832.0,11460.60023
Trinidad and Tobago,Americas,2007,69.819,1056608.0,18008.50924
Tunisia,Africa,1952,44.6,3647735.0,1468.475631
Tunisia,Africa,1957,47.1,3950849.0,1395.232468
Tunisia,Africa,1962,49.57899999999999,4286552.0,1660.30321
Tunisia,Africa,1967,52.053000000000004,4786986.0,1932.3601670000003
Tunisia,Africa,1972,55.602,5303507.0,2753.2859940000003
Tunisia,Africa,1977,59.836999999999996,6005061.0,3120.876811
Tunisia,Africa,1982,64.048,6734098.0,3560.2331740000004
Tunisia,Africa,1987,66.89399999999999,7724976.0,3810.419296
Tunisia,Africa,1992,70.001,8523077.0,4332.720164
Tunisia,Africa,1997,71.973,9231669.0,4876.798614
Tunisia,Africa,2002,73.042,9770575.0,5722.895654999999
Tunisia,Africa,2007,73.923,10276158.0,7092.923025
Turkey,Europe,1952,43.585,22235677.0,1969.1009800000002
Turkey,Europe,1957,48.07899999999999,25670939.0,2218.754257
Turkey,Europe,1962,52.098,29788695.0,2322.8699079999997
Turkey,Europe,1967,54.336000000000006,33411317.0,2826.3563870000003
Turkey,Europe,1972,57.005,37492953.0,3450.69638
Turkey,Europe,1977,59.507,42404033.0,4269.122326
Turkey,Europe,1982,61.036,47328791.0,4241.356344
Turkey,Europe,1987,63.108000000000004,52881328.0,5089.043686
Turkey,Europe,1992,66.146,58179144.0,5678.348271
Turkey,Europe,1997,68.835,63047647.0,6601.429915
Turkey,Europe,2002,70.845,67308928.0,6508.085718
Turkey,Europe,2007,71.777,71158647.0,8458.276384
Uganda,Africa,1952,39.978,5824797.0,734.753484
Uganda,Africa,1957,42.571000000000005,6675501.0,774.3710692000001
Uganda,Africa,1962,45.343999999999994,7688797.0,767.2717397999999
Uganda,Africa,1967,48.051,8900294.0,908.9185217
Uganda,Africa,1972,51.016000000000005,10190285.0,950.735869
Uganda,Africa,1977,50.35,11457758.0,843.7331372000001
Uganda,Africa,1982,49.849,12939400.0,682.2662267999999
Uganda,Africa,1987,51.50899999999999,15283050.0,617.7244065
Uganda,Africa,1992,48.825,18252190.0,644.1707968999999
Uganda,Africa,1997,44.578,21210254.0,816.559081
Uganda,Africa,2002,47.813,24739869.0,927.7210018
Uganda,Africa,2007,51.542,29170398.0,1056.3801210000001
United Kingdom,Europe,1952,69.18,50430000.0,9979.508487000001
United Kingdom,Europe,1957,70.42,51430000.0,11283.17795
United Kingdom,Europe,1962,70.76,53292000.0,12477.17707
United Kingdom,Europe,1967,71.36,54959000.0,14142.85089
United Kingdom,Europe,1972,72.01,56079000.0,15895.116409999999
United Kingdom,Europe,1977,72.76,56179000.0,17428.74846
United Kingdom,Europe,1982,74.04,56339704.0,18232.42452
United Kingdom,Europe,1987,75.007,56981620.0,21664.787669999998
United Kingdom,Europe,1992,76.42,57866349.0,22705.09254
United Kingdom,Europe,1997,77.218,58808266.0,26074.53136
United Kingdom,Europe,2002,78.471,59912431.0,29478.99919
United Kingdom,Europe,2007,79.425,60776238.0,33203.26128
United States,Americas,1952,68.44,157553000.0,13990.482080000002
United States,Americas,1957,69.49,171984000.0,14847.12712
United States,Americas,1962,70.21,186538000.0,16173.145859999999
United States,Americas,1967,70.76,198712000.0,19530.365569999998
United States,Americas,1972,71.34,209896000.0,21806.03594
United States,Americas,1977,73.38,220239000.0,24072.63213
United States,Americas,1982,74.65,232187835.0,25009.55914
United States,Americas,1987,75.02,242803533.0,29884.350410000003
United States,Americas,1992,76.09,256894189.0,32003.93224
United States,Americas,1997,76.81,272911760.0,35767.43303
United States,Americas,2002,77.31,287675526.0,39097.09955
United States,Americas,2007,78.242,301139947.0,42951.65309
Uruguay,Americas,1952,66.071,2252965.0,5716.766744
Uruguay,Americas,1957,67.044,2424959.0,6150.772969
Uruguay,Americas,1962,68.253,2598466.0,5603.357717
Uruguay,Americas,1967,68.468,2748579.0,5444.61962
Uruguay,Americas,1972,68.673,2829526.0,5703.408898
Uruguay,Americas,1977,69.48100000000001,2873520.0,6504.339663000001
Uruguay,Americas,1982,70.805,2953997.0,6920.223051000001
Uruguay,Americas,1987,71.918,3045153.0,7452.398969
Uruguay,Americas,1992,72.752,3149262.0,8137.004775
Uruguay,Americas,1997,74.223,3262838.0,9230.240708
Uruguay,Americas,2002,75.307,3363085.0,7727.002004000001
Uruguay,Americas,2007,76.384,3447496.0,10611.46299
Venezuela,Americas,1952,55.088,5439568.0,7689.799761
Venezuela,Americas,1957,57.907,6702668.0,9802.466526
Venezuela,Americas,1962,60.77,8143375.0,8422.974165000001
Venezuela,Americas,1967,63.479,9709552.0,9541.474188
Venezuela,Americas,1972,65.712,11515649.0,10505.25966
Venezuela,Americas,1977,67.456,13503563.0,13143.95095
Venezuela,Americas,1982,68.557,15620766.0,11152.410109999999
Venezuela,Americas,1987,70.19,17910182.0,9883.584648
Venezuela,Americas,1992,71.15,20265563.0,10733.926309999999
Venezuela,Americas,1997,72.146,22374398.0,10165.49518
Venezuela,Americas,2002,72.766,24287670.0,8605.047831
Venezuela,Americas,2007,73.747,26084662.0,11415.805690000001
Vietnam,Asia,1952,40.412,26246839.0,605.0664917
Vietnam,Asia,1957,42.887,28998543.0,676.2854477999999
Vietnam,Asia,1962,45.363,33796140.0,772.0491602000001
Vietnam,Asia,1967,47.838,39463910.0,637.1232887
Vietnam,Asia,1972,50.254,44655014.0,699.5016441
Vietnam,Asia,1977,55.763999999999996,50533506.0,713.5371196000001
Vietnam,Asia,1982,58.816,56142181.0,707.2357863
Vietnam,Asia,1987,62.82,62826491.0,820.7994449
Vietnam,Asia,1992,67.66199999999999,69940728.0,989.0231487
Vietnam,Asia,1997,70.672,76048996.0,1385.896769
Vietnam,Asia,2002,73.017,80908147.0,1764.456677
Vietnam,Asia,2007,74.249,85262356.0,2441.576404
West Bank and Gaza,Asia,1952,43.16,1030585.0,1515.5923289999998
West Bank and Gaza,Asia,1957,45.67100000000001,1070439.0,1827.0677420000002
West Bank and Gaza,Asia,1962,48.126999999999995,1133134.0,2198.9563120000003
West Bank and Gaza,Asia,1967,51.631,1142636.0,2649.7150070000002
West Bank and Gaza,Asia,1972,56.532,1089572.0,3133.4092769999997
West Bank and Gaza,Asia,1977,60.765,1261091.0,3682.8314939999996
West Bank and Gaza,Asia,1982,64.406,1425876.0,4336.032082
West Bank and Gaza,Asia,1987,67.046,1691210.0,5107.197384
West Bank and Gaza,Asia,1992,69.718,2104779.0,6017.654756
West Bank and Gaza,Asia,1997,71.096,2826046.0,7110.667619
West Bank and Gaza,Asia,2002,72.37,3389578.0,4515.487575
West Bank and Gaza,Asia,2007,73.422,4018332.0,3025.349798
"Yemen, Rep.",Asia,1952,32.548,4963829.0,781.7175761
"Yemen, Rep.",Asia,1957,33.97,5498090.0,804.8304547
"Yemen, Rep.",Asia,1962,35.18,6120081.0,825.6232006
"Yemen, Rep.",Asia,1967,36.984,6740785.0,862.4421463
"Yemen, Rep.",Asia,1972,39.848,7407075.0,1265.047031
"Yemen, Rep.",Asia,1977,44.175,8403990.0,1829.765177
"Yemen, Rep.",Asia,1982,49.113,9657618.0,1977.5570100000002
"Yemen, Rep.",Asia,1987,52.922,11219340.0,1971.741538
"Yemen, Rep.",Asia,1992,55.599,13367997.0,1879.496673
"Yemen, Rep.",Asia,1997,58.02,15826497.0,2117.484526
"Yemen, Rep.",Asia,2002,60.308,18701257.0,2234.820827
"Yemen, Rep.",Asia,2007,62.698,22211743.0,2280.769906
Zambia,Africa,1952,42.038000000000004,2672000.0,1147.388831
Zambia,Africa,1957,44.077,3016000.0,1311.956766
Zambia,Africa,1962,46.023,3421000.0,1452.725766
Zambia,Africa,1967,47.768,3900000.0,1777.0773179999999
Zambia,Africa,1972,50.107,4506497.0,1773.498265
Zambia,Africa,1977,51.386,5216550.0,1588.688299
Zambia,Africa,1982,51.821000000000005,6100407.0,1408.678565
Zambia,Africa,1987,50.821000000000005,7272406.0,1213.315116
Zambia,Africa,1992,46.1,8381163.0,1210.884633
Zambia,Africa,1997,40.238,9417789.0,1071.353818
Zambia,Africa,2002,39.193000000000005,10595811.0,1071.6139380000002
Zambia,Africa,2007,42.38399999999999,11746035.0,1271.211593
Zimbabwe,Africa,1952,48.451,3080907.0,406.8841148
Zimbabwe,Africa,1957,50.468999999999994,3646340.0,518.7642681
Zimbabwe,Africa,1962,52.358000000000004,4277736.0,527.2721818
Zimbabwe,Africa,1967,53.995,4995432.0,569.7950712
Zimbabwe,Africa,1972,55.635,5861135.0,799.3621757999999
Zimbabwe,Africa,1977,57.674,6642107.0,685.5876821
Zimbabwe,Africa,1982,60.363,7636524.0,788.8550411
Zimbabwe,Africa,1987,62.351000000000006,9216418.0,706.1573059
Zimbabwe,Africa,1992,60.376999999999995,10704340.0,693.4207856
Zimbabwe,Africa,1997,46.809,11404948.0,792.4499602999999
Zimbabwe,Africa,2002,39.989000000000004,11926563.0,672.0386227000001
Zimbabwe,Africa,2007,43.486999999999995,12311143.0,469.70929810000007
